FileName1,NumberOfNucleotides1,NumberOfWeakBonds1,IsPseudoknotted1,TimeToGenerateStructuralRNATree1[ns],FileName2,NumberOfNucleotides2,NumberOfWeakBonds2,IsPseudoknotted2,TimeToGenerateStructuralRNATree2[ns],MaxNumberOfNucleotides1-2,ASPRADistance,TimeToCalculateASPRADistance[ns]
"CRW_23S_B_Ac_34_nH.db",3094,934,Yes,18166005,"CRW_23S_B_Ac_35_nH.db",3122,906,Yes,5069642,3122,147900.0,8978993898
"CRW_23S_B_Ac_34_nH.db",3094,934,Yes,18166005,"CRW_23S_B_C_13_nH.db",2941,867,Yes,157210239,3094,18600.0,11889365666
"CRW_23S_B_Ac_34_nH.db",3094,934,Yes,18166005,"CRW_23S_B_D_20_nH.db",2880,862,Yes,1487461,3094,18404.0,11597408197
"CRW_23S_B_Ac_34_nH.db",3094,934,Yes,18166005,"CRW_23S_B_D_21_nH.db",2880,862,Yes,1681109,3094,18404.0,12132342868
"CRW_23S_B_Ac_34_nH.db",3094,934,Yes,18166005,"CRW_23S_B_D_49_nH.db",2915,832,Yes,772364,3094,144300.0,11524200609
"CRW_23S_B_Ac_34_nH.db",3094,934,Yes,18166005,"CRW_23S_B_F_16_nH.db",2896,862,Yes,1439563,3094,18804.0,9499692032
"CRW_23S_B_Ac_34_nH.db",3094,934,Yes,18166005,"CRW_23S_B_F_17_nH.db",2910,866,Yes,932567,3094,18404.0,9718242613
"CRW_23S_B_Ac_34_nH.db",3094,934,Yes,18166005,"CRW_23S_B_F_18_nH.db",2910,866,Yes,906934,3094,18404.0,11364546605
"CRW_23S_B_Ac_34_nH.db",3094,934,Yes,18166005,"CRW_23S_B_F_19_nH.db",2910,866,Yes,898896,3094,18404.0,11630852270
"CRW_23S_B_Ac_34_nH.db",3094,934,Yes,18166005,"CRW_23S_B_F_22_nH.db",2913,871,Yes,963358,3094,15000.0,11863207606
"CRW_23S_B_Ac_34_nH.db",3094,934,Yes,18166005,"CRW_23S_B_F_23_nH.db",2901,858,Yes,1053221,3094,16800.0,11846965103
"CRW_23S_B_Ac_34_nH.db",3094,934,Yes,18166005,"CRW_23S_B_F_30_nH.db",2901,868,Yes,954962,3094,15200.0,11995147126
"CRW_23S_B_Ac_34_nH.db",3094,934,Yes,18166005,"CRW_23S_B_F_32_nH.db",2928,868,Yes,996933,3094,17604.0,11916613242
"CRW_23S_B_Ac_34_nH.db",3094,934,Yes,18166005,"CRW_23S_B_F_33_nH.db",2932,872,Yes,997999,3094,16804.0,11936330650
"CRW_23S_B_Ac_34_nH.db",3094,934,Yes,18166005,"CRW_23S_B_F_3_nH.db",2920,866,Yes,995073,3094,18004.0,12137491451
"CRW_23S_B_Ac_34_nH.db",3094,934,Yes,18166005,"CRW_23S_B_F_45_nH.db",2923,874,Yes,928943,3094,16804.0,12029862708
"CRW_23S_B_Ac_34_nH.db",3094,934,Yes,18166005,"CRW_23S_B_F_46_nH.db",2924,876,Yes,909925,3094,16404.0,12103012858
"CRW_23S_B_Ac_34_nH.db",3094,934,Yes,18166005,"CRW_23S_B_F_4_nH.db",2927,871,Yes,1013374,3094,15000.0,9581649914
"CRW_23S_B_Ac_34_nH.db",3094,934,Yes,18166005,"CRW_23S_B_P_10_nH.db",2882,863,Yes,906707,3094,15800.0,8655585611
"CRW_23S_B_Ac_34_nH.db",3094,934,Yes,18166005,"CRW_23S_B_P_11_nH.db",2882,862,Yes,1553113,3094,16000.0,11577027040
"CRW_23S_B_Ac_34_nH.db",3094,934,Yes,18166005,"CRW_23S_B_P_12_nH.db",2907,872,Yes,1325265,3094,16000.0,11914335656
"CRW_23S_B_Ac_34_nH.db",3094,934,Yes,18166005,"CRW_23S_B_P_1_nH.db",2903,871,Yes,706135,3094,15800.0,11937244139
"CRW_23S_B_Ac_34_nH.db",3094,934,Yes,18166005,"CRW_23S_B_P_24_nH.db",2904,869,Yes,733609,3094,16200.0,11988303091
"CRW_23S_B_Ac_34_nH.db",3094,934,Yes,18166005,"CRW_23S_B_P_27_nH.db",2897,866,Yes,770733,3094,15600.0,11933407697
"CRW_23S_B_Ac_34_nH.db",3094,934,Yes,18166005,"CRW_23S_B_P_28_nH.db",2968,822,Yes,560931,3094,146800.0,11599647079
"CRW_23S_B_Ac_34_nH.db",3094,934,Yes,18166005,"CRW_23S_B_P_29_nH.db",2903,868,Yes,1276441,3094,16400.0,12044396968
"CRW_23S_B_Ac_34_nH.db",3094,934,Yes,18166005,"CRW_23S_B_P_2_nH.db",2895,868,Yes,754963,3094,16000.0,11872645079
"CRW_23S_B_Ac_34_nH.db",3094,934,Yes,18166005,"CRW_23S_B_P_38_nH.db",2890,865,Yes,709261,3094,16600.0,11875512519
"CRW_23S_B_Ac_34_nH.db",3094,934,Yes,18166005,"CRW_23S_B_P_39_nH.db",2890,865,Yes,718105,3094,16600.0,12033049686
"CRW_23S_B_Ac_34_nH.db",3094,934,Yes,18166005,"CRW_23S_B_P_40_nH.db",2893,857,Yes,731934,3094,17400.0,11960513672
"CRW_23S_B_Ac_34_nH.db",3094,934,Yes,18166005,"CRW_23S_B_P_41_nH.db",2893,867,Yes,848318,3094,16200.0,9965717865
"CRW_23S_B_Ac_34_nH.db",3094,934,Yes,18166005,"CRW_23S_B_P_43_nH.db",2759,815,Yes,627116,3094,26601.0,8063960179
"CRW_23S_B_Ac_34_nH.db",3094,934,Yes,18166005,"CRW_23S_B_P_44_nH.db",2867,856,Yes,704587,3094,18000.0,11702272718
"CRW_23S_B_Ac_34_nH.db",3094,934,Yes,18166005,"CRW_23S_B_P_5_nH.db",2821,836,Yes,1070884,3094,30000.0,11634071501
"CRW_23S_B_Ac_34_nH.db",3094,934,Yes,18166005,"CRW_23S_B_P_6_nH.db",2880,847,Yes,689705,3094,19000.0,8550098780
"CRW_23S_B_Ac_34_nH.db",3094,934,Yes,18166005,"CRW_23S_B_P_7_nH.db",3009,843,Yes,695010,3094,19400.0,9239591065
"CRW_23S_B_Ac_34_nH.db",3094,934,Yes,18166005,"CRW_23S_B_P_9_nH.db",2878,858,Yes,624046,3094,17200.0,8355356882
"CRW_23S_B_Ac_34_nH.db",3094,934,Yes,18166005,"CRW_23S_B_S_31_nH.db",2958,883,Yes,706242,3094,13800.0,12135633401
"CRW_23S_B_Ac_34_nH.db",3094,934,Yes,18166005,"CRW_23S_B_S_50_nH.db",2953,884,Yes,654873,3094,14400.0,9775140230
"CRW_23S_B_Ac_34_nH.db",3094,934,Yes,18166005,"CRW_23S_B_S_8_nH.db",2926,879,Yes,616871,3094,15000.0,11791590098
"CRW_23S_B_Ac_34_nH.db",3094,934,Yes,18166005,"CRW_23S_B_T_36_nH.db",2917,867,Yes,644290,3094,16204.0,11908601296
"CRW_23S_B_Ac_34_nH.db",3094,934,Yes,18166005,"CRW_23S_B_T_37_nH.db",2905,866,Yes,690411,3094,15200.0,11894452655
"CRW_23S_B_Ac_35_nH.db",3122,906,Yes,5069642,"CRW_23S_B_C_13_nH.db",2941,867,Yes,157210239,3122,146600.0,11831733484
"CRW_23S_B_Ac_35_nH.db",3122,906,Yes,5069642,"CRW_23S_B_D_20_nH.db",2880,862,Yes,1487461,3122,143500.0,11705962230
"CRW_23S_B_Ac_35_nH.db",3122,906,Yes,5069642,"CRW_23S_B_D_21_nH.db",2880,862,Yes,1681109,3122,143500.0,11640604624
"CRW_23S_B_Ac_35_nH.db",3122,906,Yes,5069642,"CRW_23S_B_D_49_nH.db",2915,832,Yes,772364,3122,16400.0,11144762873
"CRW_23S_B_Ac_35_nH.db",3122,906,Yes,5069642,"CRW_23S_B_F_16_nH.db",2896,862,Yes,1439563,3122,138100.0,8393986787
"CRW_23S_B_Ac_35_nH.db",3122,906,Yes,5069642,"CRW_23S_B_F_17_nH.db",2910,866,Yes,932567,3122,138800.0,11540286902
"CRW_23S_B_Ac_35_nH.db",3122,906,Yes,5069642,"CRW_23S_B_F_18_nH.db",2910,866,Yes,906934,3122,138800.0,11758840325
"CRW_23S_B_Ac_35_nH.db",3122,906,Yes,5069642,"CRW_23S_B_F_19_nH.db",2910,866,Yes,898896,3122,138800.0,8490211830
"CRW_23S_B_Ac_35_nH.db",3122,906,Yes,5069642,"CRW_23S_B_F_22_nH.db",2913,871,Yes,963358,3122,141700.0,9304749451
"CRW_23S_B_Ac_35_nH.db",3122,906,Yes,5069642,"CRW_23S_B_F_23_nH.db",2901,858,Yes,1053221,3122,141900.0,8097270876
"CRW_23S_B_Ac_35_nH.db",3122,906,Yes,5069642,"CRW_23S_B_F_30_nH.db",2901,868,Yes,954962,3122,141900.0,9184282182
"CRW_23S_B_Ac_35_nH.db",3122,906,Yes,5069642,"CRW_23S_B_F_32_nH.db",2928,868,Yes,996933,3122,138300.0,8162732651
"CRW_23S_B_Ac_35_nH.db",3122,906,Yes,5069642,"CRW_23S_B_F_33_nH.db",2932,872,Yes,997999,3122,137900.0,11398799819
"CRW_23S_B_Ac_35_nH.db",3122,906,Yes,5069642,"CRW_23S_B_F_3_nH.db",2920,866,Yes,995073,3122,137500.0,11689344863
"CRW_23S_B_Ac_35_nH.db",3122,906,Yes,5069642,"CRW_23S_B_F_45_nH.db",2923,874,Yes,928943,3122,139500.0,8476779024
"CRW_23S_B_Ac_35_nH.db",3122,906,Yes,5069642,"CRW_23S_B_F_46_nH.db",2924,876,Yes,909925,3122,139900.0,9245662704
"CRW_23S_B_Ac_35_nH.db",3122,906,Yes,5069642,"CRW_23S_B_F_4_nH.db",2927,871,Yes,1013374,3122,142500.0,8330517437
"CRW_23S_B_Ac_35_nH.db",3122,906,Yes,5069642,"CRW_23S_B_P_10_nH.db",2882,863,Yes,906707,3122,145700.0,11382437602
"CRW_23S_B_Ac_35_nH.db",3122,906,Yes,5069642,"CRW_23S_B_P_11_nH.db",2882,862,Yes,1553113,3122,145900.0,11774937221
"CRW_23S_B_Ac_35_nH.db",3122,906,Yes,5069642,"CRW_23S_B_P_12_nH.db",2907,872,Yes,1325265,3122,147900.0,8656285915
"CRW_23S_B_Ac_35_nH.db",3122,906,Yes,5069642,"CRW_23S_B_P_1_nH.db",2903,871,Yes,706135,3122,147400.0,11767802924
"CRW_23S_B_Ac_35_nH.db",3122,906,Yes,5069642,"CRW_23S_B_P_24_nH.db",2904,869,Yes,733609,3122,146100.0,11908381184
"CRW_23S_B_Ac_35_nH.db",3122,906,Yes,5069642,"CRW_23S_B_P_27_nH.db",2897,866,Yes,770733,3122,145100.0,11935602188
"CRW_23S_B_Ac_35_nH.db",3122,906,Yes,5069642,"CRW_23S_B_P_28_nH.db",2968,822,Yes,560931,3122,23200.0,11431249710
"CRW_23S_B_Ac_35_nH.db",3122,906,Yes,5069642,"CRW_23S_B_P_29_nH.db",2903,868,Yes,1276441,3122,146300.0,8302628745
"CRW_23S_B_Ac_35_nH.db",3122,906,Yes,5069642,"CRW_23S_B_P_2_nH.db",2895,868,Yes,754963,3122,147500.0,9170307456
"CRW_23S_B_Ac_35_nH.db",3122,906,Yes,5069642,"CRW_23S_B_P_38_nH.db",2890,865,Yes,709261,3122,147300.0,8331421590
"CRW_23S_B_Ac_35_nH.db",3122,906,Yes,5069642,"CRW_23S_B_P_39_nH.db",2890,865,Yes,718105,3122,147300.0,11498780016
"CRW_23S_B_Ac_35_nH.db",3122,906,Yes,5069642,"CRW_23S_B_P_40_nH.db",2893,857,Yes,731934,3122,147700.0,11568126414
"CRW_23S_B_Ac_35_nH.db",3122,906,Yes,5069642,"CRW_23S_B_P_41_nH.db",2893,867,Yes,848318,3122,146900.0,8338706240
"CRW_23S_B_Ac_35_nH.db",3122,906,Yes,5069642,"CRW_23S_B_P_43_nH.db",2759,815,Yes,627116,3122,140300.0,11177902122
"CRW_23S_B_Ac_35_nH.db",3122,906,Yes,5069642,"CRW_23S_B_P_44_nH.db",2867,856,Yes,704587,3122,148300.0,8190453670
"CRW_23S_B_Ac_35_nH.db",3122,906,Yes,5069642,"CRW_23S_B_P_5_nH.db",2821,836,Yes,1070884,3122,143500.0,11121471706
"CRW_23S_B_Ac_35_nH.db",3122,906,Yes,5069642,"CRW_23S_B_P_6_nH.db",2880,847,Yes,689705,3122,146100.0,11636062462
"CRW_23S_B_Ac_35_nH.db",3122,906,Yes,5069642,"CRW_23S_B_P_7_nH.db",3009,843,Yes,695010,3122,146900.0,8192036144
"CRW_23S_B_Ac_35_nH.db",3122,906,Yes,5069642,"CRW_23S_B_P_9_nH.db",2878,858,Yes,624046,3122,146300.0,9199319969
"CRW_23S_B_Ac_35_nH.db",3122,906,Yes,5069642,"CRW_23S_B_S_31_nH.db",2958,883,Yes,706242,3122,143800.0,8376990911
"CRW_23S_B_Ac_35_nH.db",3122,906,Yes,5069642,"CRW_23S_B_S_50_nH.db",2953,884,Yes,654873,3122,141200.0,11573221477
"CRW_23S_B_Ac_35_nH.db",3122,906,Yes,5069642,"CRW_23S_B_S_8_nH.db",2926,879,Yes,616871,3122,141400.0,11823234269
"CRW_23S_B_Ac_35_nH.db",3122,906,Yes,5069642,"CRW_23S_B_T_36_nH.db",2917,867,Yes,644290,3122,142900.0,11548235659
"CRW_23S_B_Ac_35_nH.db",3122,906,Yes,5069642,"CRW_23S_B_T_37_nH.db",2905,866,Yes,690411,3122,142400.0,11823746795
"CRW_23S_B_C_13_nH.db",2941,867,Yes,157210239,"CRW_23S_B_D_20_nH.db",2880,862,Yes,1487461,2941,11804.0,8899157727
"CRW_23S_B_C_13_nH.db",2941,867,Yes,157210239,"CRW_23S_B_D_21_nH.db",2880,862,Yes,1681109,2941,11804.0,8093452623
"CRW_23S_B_C_13_nH.db",2941,867,Yes,157210239,"CRW_23S_B_D_49_nH.db",2915,832,Yes,772364,2941,136200.0,10884332952
"CRW_23S_B_C_13_nH.db",2941,867,Yes,157210239,"CRW_23S_B_F_16_nH.db",2896,862,Yes,1439563,2941,13004.0,8107112438
"CRW_23S_B_C_13_nH.db",2941,867,Yes,157210239,"CRW_23S_B_F_17_nH.db",2910,866,Yes,932567,2941,11404.0,7849372619
"CRW_23S_B_C_13_nH.db",2941,867,Yes,157210239,"CRW_23S_B_F_18_nH.db",2910,866,Yes,906934,2941,11404.0,11048710561
"CRW_23S_B_C_13_nH.db",2941,867,Yes,157210239,"CRW_23S_B_F_19_nH.db",2910,866,Yes,898896,2941,11404.0,7980886907
"CRW_23S_B_C_13_nH.db",2941,867,Yes,157210239,"CRW_23S_B_F_22_nH.db",2913,871,Yes,963358,2941,10000.0,11314001336
"CRW_23S_B_C_13_nH.db",2941,867,Yes,157210239,"CRW_23S_B_F_23_nH.db",2901,858,Yes,1053221,2941,8600.0,7908439137
"CRW_23S_B_C_13_nH.db",2941,867,Yes,157210239,"CRW_23S_B_F_30_nH.db",2901,868,Yes,954962,2941,9000.0,11151291708
"CRW_23S_B_C_13_nH.db",2941,867,Yes,157210239,"CRW_23S_B_F_32_nH.db",2928,868,Yes,996933,2941,13404.0,7998302131
"CRW_23S_B_C_13_nH.db",2941,867,Yes,157210239,"CRW_23S_B_F_33_nH.db",2932,872,Yes,997999,2941,11804.0,11064249418
"CRW_23S_B_C_13_nH.db",2941,867,Yes,157210239,"CRW_23S_B_F_3_nH.db",2920,866,Yes,995073,2941,13404.0,8266327591
"CRW_23S_B_C_13_nH.db",2941,867,Yes,157210239,"CRW_23S_B_F_45_nH.db",2923,874,Yes,928943,2941,10204.0,11450867552
"CRW_23S_B_C_13_nH.db",2941,867,Yes,157210239,"CRW_23S_B_F_46_nH.db",2924,876,Yes,909925,2941,10604.0,8133595834
"CRW_23S_B_C_13_nH.db",2941,867,Yes,157210239,"CRW_23S_B_F_4_nH.db",2927,871,Yes,1013374,2941,10000.0,11102212273
"CRW_23S_B_C_13_nH.db",2941,867,Yes,157210239,"CRW_23S_B_P_10_nH.db",2882,863,Yes,906707,2941,8300.0,8032456681
"CRW_23S_B_C_13_nH.db",2941,867,Yes,157210239,"CRW_23S_B_P_11_nH.db",2882,862,Yes,1553113,2941,8100.0,11147836432
"CRW_23S_B_C_13_nH.db",2941,867,Yes,157210239,"CRW_23S_B_P_12_nH.db",2907,872,Yes,1325265,2941,6200.0,8016568928
"CRW_23S_B_C_13_nH.db",2941,867,Yes,157210239,"CRW_23S_B_P_1_nH.db",2903,871,Yes,706135,2941,7500.0,11128956695
"CRW_23S_B_C_13_nH.db",2941,867,Yes,157210239,"CRW_23S_B_P_24_nH.db",2904,869,Yes,733609,2941,8700.0,8056040021
"CRW_23S_B_C_13_nH.db",2941,867,Yes,157210239,"CRW_23S_B_P_27_nH.db",2897,866,Yes,770733,2941,8900.0,11097891174
"CRW_23S_B_C_13_nH.db",2941,867,Yes,157210239,"CRW_23S_B_P_28_nH.db",2968,822,Yes,560931,2968,135000.0,7461693140
"CRW_23S_B_C_13_nH.db",2941,867,Yes,157210239,"CRW_23S_B_P_29_nH.db",2903,868,Yes,1276441,2941,9300.0,7753882281
"CRW_23S_B_C_13_nH.db",2941,867,Yes,157210239,"CRW_23S_B_P_2_nH.db",2895,868,Yes,754963,2941,7700.0,11240416874
"CRW_23S_B_C_13_nH.db",2941,867,Yes,157210239,"CRW_23S_B_P_38_nH.db",2890,865,Yes,709261,2941,7900.0,8050114144
"CRW_23S_B_C_13_nH.db",2941,867,Yes,157210239,"CRW_23S_B_P_39_nH.db",2890,865,Yes,718105,2941,7900.0,8885694723
"CRW_23S_B_C_13_nH.db",2941,867,Yes,157210239,"CRW_23S_B_P_40_nH.db",2893,857,Yes,731934,2941,9900.0,8122277063
"CRW_23S_B_C_13_nH.db",2941,867,Yes,157210239,"CRW_23S_B_P_41_nH.db",2893,867,Yes,848318,2941,7100.0,7857122696
"CRW_23S_B_C_13_nH.db",2941,867,Yes,157210239,"CRW_23S_B_P_43_nH.db",2759,815,Yes,627116,2941,11601.0,8271959067
"CRW_23S_B_C_13_nH.db",2941,867,Yes,157210239,"CRW_23S_B_P_44_nH.db",2867,856,Yes,704587,2941,6900.0,7918731747
"CRW_23S_B_C_13_nH.db",2941,867,Yes,157210239,"CRW_23S_B_P_5_nH.db",2821,836,Yes,1070884,2941,16200.0,7458974083
"CRW_23S_B_C_13_nH.db",2941,867,Yes,157210239,"CRW_23S_B_P_6_nH.db",2880,847,Yes,689705,2941,11500.0,7686415663
"CRW_23S_B_C_13_nH.db",2941,867,Yes,157210239,"CRW_23S_B_P_7_nH.db",3009,843,Yes,695010,3009,11100.0,11063611272
"CRW_23S_B_C_13_nH.db",2941,867,Yes,157210239,"CRW_23S_B_P_9_nH.db",2878,858,Yes,624046,2941,8500.0,7782236734
"CRW_23S_B_C_13_nH.db",2941,867,Yes,157210239,"CRW_23S_B_S_31_nH.db",2958,883,Yes,706242,2958,10000.0,8015886683
"CRW_23S_B_C_13_nH.db",2941,867,Yes,157210239,"CRW_23S_B_S_50_nH.db",2953,884,Yes,654873,2953,10200.0,11586967942
"CRW_23S_B_C_13_nH.db",2941,867,Yes,157210239,"CRW_23S_B_S_8_nH.db",2926,879,Yes,616871,2941,10400.0,8111998321
"CRW_23S_B_C_13_nH.db",2941,867,Yes,157210239,"CRW_23S_B_T_36_nH.db",2917,867,Yes,644290,2941,10804.0,8914740092
"CRW_23S_B_C_13_nH.db",2941,867,Yes,157210239,"CRW_23S_B_T_37_nH.db",2905,866,Yes,690411,2941,9400.0,7881543360
"CRW_23S_B_D_20_nH.db",2880,862,Yes,1487461,"CRW_23S_B_D_21_nH.db",2880,862,Yes,1681109,2880,0.0,7851501769
"CRW_23S_B_D_20_nH.db",2880,862,Yes,1487461,"CRW_23S_B_D_49_nH.db",2915,832,Yes,772364,2915,132300.0,10815280644
"CRW_23S_B_D_20_nH.db",2880,862,Yes,1487461,"CRW_23S_B_F_16_nH.db",2896,862,Yes,1439563,2896,10000.0,7811820525
"CRW_23S_B_D_20_nH.db",2880,862,Yes,1487461,"CRW_23S_B_F_17_nH.db",2910,866,Yes,932567,2910,8400.0,7871755955
"CRW_23S_B_D_20_nH.db",2880,862,Yes,1487461,"CRW_23S_B_F_18_nH.db",2910,866,Yes,906934,2910,8400.0,11149658806
"CRW_23S_B_D_20_nH.db",2880,862,Yes,1487461,"CRW_23S_B_F_19_nH.db",2910,866,Yes,898896,2910,8400.0,8056064871
"CRW_23S_B_D_20_nH.db",2880,862,Yes,1487461,"CRW_23S_B_F_22_nH.db",2913,871,Yes,963358,2913,5404.0,8650205506
"CRW_23S_B_D_20_nH.db",2880,862,Yes,1487461,"CRW_23S_B_F_23_nH.db",2901,858,Yes,1053221,2901,6804.0,7935203091
"CRW_23S_B_D_20_nH.db",2880,862,Yes,1487461,"CRW_23S_B_F_30_nH.db",2901,868,Yes,954962,2901,4804.0,7595968525
"CRW_23S_B_D_20_nH.db",2880,862,Yes,1487461,"CRW_23S_B_F_32_nH.db",2928,868,Yes,996933,2928,8800.0,7777276259
"CRW_23S_B_D_20_nH.db",2880,862,Yes,1487461,"CRW_23S_B_F_33_nH.db",2932,872,Yes,997999,2932,8400.0,11194882580
"CRW_23S_B_D_20_nH.db",2880,862,Yes,1487461,"CRW_23S_B_F_3_nH.db",2920,866,Yes,995073,2920,8800.0,7944067402
"CRW_23S_B_D_20_nH.db",2880,862,Yes,1487461,"CRW_23S_B_F_45_nH.db",2923,874,Yes,928943,2923,9200.0,7825157880
"CRW_23S_B_D_20_nH.db",2880,862,Yes,1487461,"CRW_23S_B_F_46_nH.db",2924,876,Yes,909925,2924,9200.0,10964554938
"CRW_23S_B_D_20_nH.db",2880,862,Yes,1487461,"CRW_23S_B_F_4_nH.db",2927,871,Yes,1013374,2927,8204.0,8046125951
"CRW_23S_B_D_20_nH.db",2880,862,Yes,1487461,"CRW_23S_B_P_10_nH.db",2882,863,Yes,906707,2882,8204.0,11076915544
"CRW_23S_B_D_20_nH.db",2880,862,Yes,1487461,"CRW_23S_B_P_11_nH.db",2882,862,Yes,1553113,2882,8404.0,7923247767
"CRW_23S_B_D_20_nH.db",2880,862,Yes,1487461,"CRW_23S_B_P_12_nH.db",2907,872,Yes,1325265,2907,7604.0,7796127878
"CRW_23S_B_D_20_nH.db",2880,862,Yes,1487461,"CRW_23S_B_P_1_nH.db",2903,871,Yes,706135,2903,9404.0,8883038748
"CRW_23S_B_D_20_nH.db",2880,862,Yes,1487461,"CRW_23S_B_P_24_nH.db",2904,869,Yes,733609,2904,8204.0,8089131289
"CRW_23S_B_D_20_nH.db",2880,862,Yes,1487461,"CRW_23S_B_P_27_nH.db",2897,866,Yes,770733,2897,7604.0,7785316245
"CRW_23S_B_D_20_nH.db",2880,862,Yes,1487461,"CRW_23S_B_P_28_nH.db",2968,822,Yes,560931,2968,134300.0,10690389938
"CRW_23S_B_D_20_nH.db",2880,862,Yes,1487461,"CRW_23S_B_P_29_nH.db",2903,868,Yes,1276441,2903,8404.0,7994556118
"CRW_23S_B_D_20_nH.db",2880,862,Yes,1487461,"CRW_23S_B_P_2_nH.db",2895,868,Yes,754963,2895,10004.0,11115107810
"CRW_23S_B_D_20_nH.db",2880,862,Yes,1487461,"CRW_23S_B_P_38_nH.db",2890,865,Yes,709261,2890,9404.0,7750483005
"CRW_23S_B_D_20_nH.db",2880,862,Yes,1487461,"CRW_23S_B_P_39_nH.db",2890,865,Yes,718105,2890,9404.0,7846408062
"CRW_23S_B_D_20_nH.db",2880,862,Yes,1487461,"CRW_23S_B_P_40_nH.db",2893,857,Yes,731934,2893,10204.0,10947987642
"CRW_23S_B_D_20_nH.db",2880,862,Yes,1487461,"CRW_23S_B_P_41_nH.db",2893,867,Yes,848318,2893,8604.0,7999374900
"CRW_23S_B_D_20_nH.db",2880,862,Yes,1487461,"CRW_23S_B_P_43_nH.db",2759,815,Yes,627116,2880,17005.0,7266247813
"CRW_23S_B_D_20_nH.db",2880,862,Yes,1487461,"CRW_23S_B_P_44_nH.db",2867,856,Yes,704587,2880,9604.0,7441389717
"CRW_23S_B_D_20_nH.db",2880,862,Yes,1487461,"CRW_23S_B_P_5_nH.db",2821,836,Yes,1070884,2880,20804.0,7329193680
"CRW_23S_B_D_20_nH.db",2880,862,Yes,1487461,"CRW_23S_B_P_6_nH.db",2880,847,Yes,689705,2880,10204.0,7574321876
"CRW_23S_B_D_20_nH.db",2880,862,Yes,1487461,"CRW_23S_B_P_7_nH.db",3009,843,Yes,695010,3009,10604.0,7349648083
"CRW_23S_B_D_20_nH.db",2880,862,Yes,1487461,"CRW_23S_B_P_9_nH.db",2878,858,Yes,624046,2880,9604.0,7506584703
"CRW_23S_B_D_20_nH.db",2880,862,Yes,1487461,"CRW_23S_B_S_31_nH.db",2958,883,Yes,706242,2958,9004.0,8622858219
"CRW_23S_B_D_20_nH.db",2880,862,Yes,1487461,"CRW_23S_B_S_50_nH.db",2953,884,Yes,654873,2953,8004.0,8006910922
"CRW_23S_B_D_20_nH.db",2880,862,Yes,1487461,"CRW_23S_B_S_8_nH.db",2926,879,Yes,616871,2926,8204.0,7877755632
"CRW_23S_B_D_20_nH.db",2880,862,Yes,1487461,"CRW_23S_B_T_36_nH.db",2917,867,Yes,644290,2917,6200.0,11027541282
"CRW_23S_B_D_20_nH.db",2880,862,Yes,1487461,"CRW_23S_B_T_37_nH.db",2905,866,Yes,690411,2905,6004.0,7641405989
"CRW_23S_B_D_21_nH.db",2880,862,Yes,1681109,"CRW_23S_B_D_49_nH.db",2915,832,Yes,772364,2915,132300.0,7493607669
"CRW_23S_B_D_21_nH.db",2880,862,Yes,1681109,"CRW_23S_B_F_16_nH.db",2896,862,Yes,1439563,2896,10000.0,7593867377
"CRW_23S_B_D_21_nH.db",2880,862,Yes,1681109,"CRW_23S_B_F_17_nH.db",2910,866,Yes,932567,2910,8400.0,7626558973
"CRW_23S_B_D_21_nH.db",2880,862,Yes,1681109,"CRW_23S_B_F_18_nH.db",2910,866,Yes,906934,2910,8400.0,7597029713
"CRW_23S_B_D_21_nH.db",2880,862,Yes,1681109,"CRW_23S_B_F_19_nH.db",2910,866,Yes,898896,2910,8400.0,7641418558
"CRW_23S_B_D_21_nH.db",2880,862,Yes,1681109,"CRW_23S_B_F_22_nH.db",2913,871,Yes,963358,2913,5404.0,7636935451
"CRW_23S_B_D_21_nH.db",2880,862,Yes,1681109,"CRW_23S_B_F_23_nH.db",2901,858,Yes,1053221,2901,6804.0,7406122526
"CRW_23S_B_D_21_nH.db",2880,862,Yes,1681109,"CRW_23S_B_F_30_nH.db",2901,868,Yes,954962,2901,4804.0,7695411217
"CRW_23S_B_D_21_nH.db",2880,862,Yes,1681109,"CRW_23S_B_F_32_nH.db",2928,868,Yes,996933,2928,8800.0,8423335666
"CRW_23S_B_D_21_nH.db",2880,862,Yes,1681109,"CRW_23S_B_F_33_nH.db",2932,872,Yes,997999,2932,8400.0,7829149870
"CRW_23S_B_D_21_nH.db",2880,862,Yes,1681109,"CRW_23S_B_F_3_nH.db",2920,866,Yes,995073,2920,8800.0,7575667084
"CRW_23S_B_D_21_nH.db",2880,862,Yes,1681109,"CRW_23S_B_F_45_nH.db",2923,874,Yes,928943,2923,9200.0,7708509191
"CRW_23S_B_D_21_nH.db",2880,862,Yes,1681109,"CRW_23S_B_F_46_nH.db",2924,876,Yes,909925,2924,9200.0,7767568590
"CRW_23S_B_D_21_nH.db",2880,862,Yes,1681109,"CRW_23S_B_F_4_nH.db",2927,871,Yes,1013374,2927,8204.0,10760725723
"CRW_23S_B_D_21_nH.db",2880,862,Yes,1681109,"CRW_23S_B_P_10_nH.db",2882,863,Yes,906707,2882,8204.0,7877067931
"CRW_23S_B_D_21_nH.db",2880,862,Yes,1681109,"CRW_23S_B_P_11_nH.db",2882,862,Yes,1553113,2882,8404.0,11184723996
"CRW_23S_B_D_21_nH.db",2880,862,Yes,1681109,"CRW_23S_B_P_12_nH.db",2907,872,Yes,1325265,2907,7604.0,7951725217
"CRW_23S_B_D_21_nH.db",2880,862,Yes,1681109,"CRW_23S_B_P_1_nH.db",2903,871,Yes,706135,2903,9404.0,7854753132
"CRW_23S_B_D_21_nH.db",2880,862,Yes,1681109,"CRW_23S_B_P_24_nH.db",2904,869,Yes,733609,2904,8204.0,10946792159
"CRW_23S_B_D_21_nH.db",2880,862,Yes,1681109,"CRW_23S_B_P_27_nH.db",2897,866,Yes,770733,2897,7604.0,7961959606
"CRW_23S_B_D_21_nH.db",2880,862,Yes,1681109,"CRW_23S_B_P_28_nH.db",2968,822,Yes,560931,2968,134300.0,10670180675
"CRW_23S_B_D_21_nH.db",2880,862,Yes,1681109,"CRW_23S_B_P_29_nH.db",2903,868,Yes,1276441,2903,8404.0,8088264304
"CRW_23S_B_D_21_nH.db",2880,862,Yes,1681109,"CRW_23S_B_P_2_nH.db",2895,868,Yes,754963,2895,10004.0,8645206612
"CRW_23S_B_D_21_nH.db",2880,862,Yes,1681109,"CRW_23S_B_P_38_nH.db",2890,865,Yes,709261,2890,9404.0,8014209077
"CRW_23S_B_D_21_nH.db",2880,862,Yes,1681109,"CRW_23S_B_P_39_nH.db",2890,865,Yes,718105,2890,9404.0,11318824722
"CRW_23S_B_D_21_nH.db",2880,862,Yes,1681109,"CRW_23S_B_P_40_nH.db",2893,857,Yes,731934,2893,10204.0,8101102704
"CRW_23S_B_D_21_nH.db",2880,862,Yes,1681109,"CRW_23S_B_P_41_nH.db",2893,867,Yes,848318,2893,8604.0,8699607752
"CRW_23S_B_D_21_nH.db",2880,862,Yes,1681109,"CRW_23S_B_P_43_nH.db",2759,815,Yes,627116,2880,17005.0,7481930996
"CRW_23S_B_D_21_nH.db",2880,862,Yes,1681109,"CRW_23S_B_P_44_nH.db",2867,856,Yes,704587,2880,9604.0,7792350227
"CRW_23S_B_D_21_nH.db",2880,862,Yes,1681109,"CRW_23S_B_P_5_nH.db",2821,836,Yes,1070884,2880,20804.0,10900156236
"CRW_23S_B_D_21_nH.db",2880,862,Yes,1681109,"CRW_23S_B_P_6_nH.db",2880,847,Yes,689705,2880,10204.0,7903159651
"CRW_23S_B_D_21_nH.db",2880,862,Yes,1681109,"CRW_23S_B_P_7_nH.db",3009,843,Yes,695010,3009,10604.0,10800434550
"CRW_23S_B_D_21_nH.db",2880,862,Yes,1681109,"CRW_23S_B_P_9_nH.db",2878,858,Yes,624046,2880,9604.0,8029234322
"CRW_23S_B_D_21_nH.db",2880,862,Yes,1681109,"CRW_23S_B_S_31_nH.db",2958,883,Yes,706242,2958,9004.0,7880356769
"CRW_23S_B_D_21_nH.db",2880,862,Yes,1681109,"CRW_23S_B_S_50_nH.db",2953,884,Yes,654873,2953,8004.0,8759009162
"CRW_23S_B_D_21_nH.db",2880,862,Yes,1681109,"CRW_23S_B_S_8_nH.db",2926,879,Yes,616871,2926,8204.0,8094037160
"CRW_23S_B_D_21_nH.db",2880,862,Yes,1681109,"CRW_23S_B_T_36_nH.db",2917,867,Yes,644290,2917,6200.0,7693120600
"CRW_23S_B_D_21_nH.db",2880,862,Yes,1681109,"CRW_23S_B_T_37_nH.db",2905,866,Yes,690411,2905,6004.0,7717844392
"CRW_23S_B_D_49_nH.db",2915,832,Yes,772364,"CRW_23S_B_F_16_nH.db",2896,862,Yes,1439563,2915,127600.0,7257475869
"CRW_23S_B_D_49_nH.db",2915,832,Yes,772364,"CRW_23S_B_F_17_nH.db",2910,866,Yes,932567,2915,128400.0,7275329374
"CRW_23S_B_D_49_nH.db",2915,832,Yes,772364,"CRW_23S_B_F_18_nH.db",2910,866,Yes,906934,2915,128400.0,7302340188
"CRW_23S_B_D_49_nH.db",2915,832,Yes,772364,"CRW_23S_B_F_19_nH.db",2910,866,Yes,898896,2915,128400.0,7308276817
"CRW_23S_B_D_49_nH.db",2915,832,Yes,772364,"CRW_23S_B_F_22_nH.db",2913,871,Yes,963358,2915,131300.0,7510932758
"CRW_23S_B_D_49_nH.db",2915,832,Yes,772364,"CRW_23S_B_F_23_nH.db",2901,858,Yes,1053221,2915,131500.0,11069454968
"CRW_23S_B_D_49_nH.db",2915,832,Yes,772364,"CRW_23S_B_F_30_nH.db",2901,868,Yes,954962,2915,131900.0,7794515964
"CRW_23S_B_D_49_nH.db",2915,832,Yes,772364,"CRW_23S_B_F_32_nH.db",2928,868,Yes,996933,2928,127900.0,7456540066
"CRW_23S_B_D_49_nH.db",2915,832,Yes,772364,"CRW_23S_B_F_33_nH.db",2932,872,Yes,997999,2932,128700.0,7374880329
"CRW_23S_B_D_49_nH.db",2915,832,Yes,772364,"CRW_23S_B_F_3_nH.db",2920,866,Yes,995073,2920,128300.0,7386361216
"CRW_23S_B_D_49_nH.db",2915,832,Yes,772364,"CRW_23S_B_F_45_nH.db",2923,874,Yes,928943,2923,129900.0,7367660970
"CRW_23S_B_D_49_nH.db",2915,832,Yes,772364,"CRW_23S_B_F_46_nH.db",2924,876,Yes,909925,2924,130300.0,7439793112
"CRW_23S_B_D_49_nH.db",2915,832,Yes,772364,"CRW_23S_B_F_4_nH.db",2927,871,Yes,1013374,2927,131700.0,7400428807
"CRW_23S_B_D_49_nH.db",2915,832,Yes,772364,"CRW_23S_B_P_10_nH.db",2882,863,Yes,906707,2915,135200.0,7372287240
"CRW_23S_B_D_49_nH.db",2915,832,Yes,772364,"CRW_23S_B_P_11_nH.db",2882,862,Yes,1553113,2915,135400.0,7279003248
"CRW_23S_B_D_49_nH.db",2915,832,Yes,772364,"CRW_23S_B_P_12_nH.db",2907,872,Yes,1325265,2915,135900.0,7466052283
"CRW_23S_B_D_49_nH.db",2915,832,Yes,772364,"CRW_23S_B_P_1_nH.db",2903,871,Yes,706135,2915,137000.0,10872517976
"CRW_23S_B_D_49_nH.db",2915,832,Yes,772364,"CRW_23S_B_P_24_nH.db",2904,869,Yes,733609,2915,136100.0,7722344569
"CRW_23S_B_D_49_nH.db",2915,832,Yes,772364,"CRW_23S_B_P_27_nH.db",2897,866,Yes,770733,2915,134700.0,7345583321
"CRW_23S_B_D_49_nH.db",2915,832,Yes,772364,"CRW_23S_B_P_28_nH.db",2968,822,Yes,560931,2968,12400.0,7183619555
"CRW_23S_B_D_49_nH.db",2915,832,Yes,772364,"CRW_23S_B_P_29_nH.db",2903,868,Yes,1276441,2915,136300.0,7409627050
"CRW_23S_B_D_49_nH.db",2915,832,Yes,772364,"CRW_23S_B_P_2_nH.db",2895,868,Yes,754963,2915,137100.0,7353495697
"CRW_23S_B_D_49_nH.db",2915,832,Yes,772364,"CRW_23S_B_P_38_nH.db",2890,865,Yes,709261,2915,136800.0,7487915076
"CRW_23S_B_D_49_nH.db",2915,832,Yes,772364,"CRW_23S_B_P_39_nH.db",2890,865,Yes,718105,2915,136800.0,7332314284
"CRW_23S_B_D_49_nH.db",2915,832,Yes,772364,"CRW_23S_B_P_40_nH.db",2893,857,Yes,731934,2915,137400.0,7237868073
"CRW_23S_B_D_49_nH.db",2915,832,Yes,772364,"CRW_23S_B_P_41_nH.db",2893,867,Yes,848318,2915,136500.0,7317557265
"CRW_23S_B_D_49_nH.db",2915,832,Yes,772364,"CRW_23S_B_P_43_nH.db",2759,815,Yes,627116,2915,130400.0,6981664058
"CRW_23S_B_D_49_nH.db",2915,832,Yes,772364,"CRW_23S_B_P_44_nH.db",2867,856,Yes,704587,2915,136300.0,7206387611
"CRW_23S_B_D_49_nH.db",2915,832,Yes,772364,"CRW_23S_B_P_5_nH.db",2821,836,Yes,1070884,2915,132700.0,6998055398
"CRW_23S_B_D_49_nH.db",2915,832,Yes,772364,"CRW_23S_B_P_6_nH.db",2880,847,Yes,689705,2915,135200.0,7210289345
"CRW_23S_B_D_49_nH.db",2915,832,Yes,772364,"CRW_23S_B_P_7_nH.db",3009,843,Yes,695010,3009,136200.0,7191911532
"CRW_23S_B_D_49_nH.db",2915,832,Yes,772364,"CRW_23S_B_P_9_nH.db",2878,858,Yes,624046,2915,135800.0,7243356718
"CRW_23S_B_D_49_nH.db",2915,832,Yes,772364,"CRW_23S_B_S_31_nH.db",2958,883,Yes,706242,2958,135800.0,7429812444
"CRW_23S_B_D_49_nH.db",2915,832,Yes,772364,"CRW_23S_B_S_50_nH.db",2953,884,Yes,654873,2953,134400.0,7597647437
"CRW_23S_B_D_49_nH.db",2915,832,Yes,772364,"CRW_23S_B_S_8_nH.db",2926,879,Yes,616871,2926,134100.0,11010484755
"CRW_23S_B_D_49_nH.db",2915,832,Yes,772364,"CRW_23S_B_T_36_nH.db",2917,867,Yes,644290,2917,131300.0,7686015371
"CRW_23S_B_D_49_nH.db",2915,832,Yes,772364,"CRW_23S_B_T_37_nH.db",2905,866,Yes,690411,2915,131600.0,7229597186
"CRW_23S_B_F_16_nH.db",2896,862,Yes,1439563,"CRW_23S_B_F_17_nH.db",2910,866,Yes,932567,2910,2000.0,7754087430
"CRW_23S_B_F_16_nH.db",2896,862,Yes,1439563,"CRW_23S_B_F_18_nH.db",2910,866,Yes,906934,2910,2000.0,11074814672
"CRW_23S_B_F_16_nH.db",2896,862,Yes,1439563,"CRW_23S_B_F_19_nH.db",2910,866,Yes,898896,2910,2000.0,8000384641
"CRW_23S_B_F_16_nH.db",2896,862,Yes,1439563,"CRW_23S_B_F_22_nH.db",2913,871,Yes,963358,2913,5804.0,8602465956
"CRW_23S_B_F_16_nH.db",2896,862,Yes,1439563,"CRW_23S_B_F_23_nH.db",2901,858,Yes,1053221,2901,7204.0,7915248846
"CRW_23S_B_F_16_nH.db",2896,862,Yes,1439563,"CRW_23S_B_F_30_nH.db",2901,868,Yes,954962,2901,6404.0,7810364432
"CRW_23S_B_F_16_nH.db",2896,862,Yes,1439563,"CRW_23S_B_F_32_nH.db",2928,868,Yes,996933,2928,3200.0,7792600520
"CRW_23S_B_F_16_nH.db",2896,862,Yes,1439563,"CRW_23S_B_F_33_nH.db",2932,872,Yes,997999,2932,3200.0,11171591093
"CRW_23S_B_F_16_nH.db",2896,862,Yes,1439563,"CRW_23S_B_F_3_nH.db",2920,866,Yes,995073,2920,3200.0,7925853181
"CRW_23S_B_F_16_nH.db",2896,862,Yes,1439563,"CRW_23S_B_F_45_nH.db",2923,874,Yes,928943,2923,4400.0,7846626590
"CRW_23S_B_F_16_nH.db",2896,862,Yes,1439563,"CRW_23S_B_F_46_nH.db",2924,876,Yes,909925,2924,4000.0,11015486762
"CRW_23S_B_F_16_nH.db",2896,862,Yes,1439563,"CRW_23S_B_F_4_nH.db",2927,871,Yes,1013374,2927,7404.0,7656088976
"CRW_23S_B_F_16_nH.db",2896,862,Yes,1439563,"CRW_23S_B_P_10_nH.db",2882,863,Yes,906707,2896,10204.0,7700164829
"CRW_23S_B_F_16_nH.db",2896,862,Yes,1439563,"CRW_23S_B_P_11_nH.db",2882,862,Yes,1553113,2896,10404.0,7550879991
"CRW_23S_B_F_16_nH.db",2896,862,Yes,1439563,"CRW_23S_B_P_12_nH.db",2907,872,Yes,1325265,2907,10804.0,7667041614
"CRW_23S_B_F_16_nH.db",2896,862,Yes,1439563,"CRW_23S_B_P_1_nH.db",2903,871,Yes,706135,2903,11004.0,7810317322
"CRW_23S_B_F_16_nH.db",2896,862,Yes,1439563,"CRW_23S_B_P_24_nH.db",2904,869,Yes,733609,2904,9804.0,10882730044
"CRW_23S_B_F_16_nH.db",2896,862,Yes,1439563,"CRW_23S_B_P_27_nH.db",2897,866,Yes,770733,2897,9204.0,7875732118
"CRW_23S_B_F_16_nH.db",2896,862,Yes,1439563,"CRW_23S_B_P_28_nH.db",2968,822,Yes,560931,2968,131100.0,10492241712
"CRW_23S_B_F_16_nH.db",2896,862,Yes,1439563,"CRW_23S_B_P_29_nH.db",2903,868,Yes,1276441,2903,10004.0,8035536057
"CRW_23S_B_F_16_nH.db",2896,862,Yes,1439563,"CRW_23S_B_P_2_nH.db",2895,868,Yes,754963,2896,10804.0,8663541557
"CRW_23S_B_F_16_nH.db",2896,862,Yes,1439563,"CRW_23S_B_P_38_nH.db",2890,865,Yes,709261,2896,11404.0,7951556422
"CRW_23S_B_F_16_nH.db",2896,862,Yes,1439563,"CRW_23S_B_P_39_nH.db",2890,865,Yes,718105,2896,11404.0,11346332160
"CRW_23S_B_F_16_nH.db",2896,862,Yes,1439563,"CRW_23S_B_P_40_nH.db",2893,857,Yes,731934,2896,11804.0,7912358666
"CRW_23S_B_F_16_nH.db",2896,862,Yes,1439563,"CRW_23S_B_P_41_nH.db",2893,867,Yes,848318,2896,10604.0,8636723144
"CRW_23S_B_F_16_nH.db",2896,862,Yes,1439563,"CRW_23S_B_P_43_nH.db",2759,815,Yes,627116,2896,19405.0,7377311856
"CRW_23S_B_F_16_nH.db",2896,862,Yes,1439563,"CRW_23S_B_P_44_nH.db",2867,856,Yes,704587,2896,12404.0,7767854890
"CRW_23S_B_F_16_nH.db",2896,862,Yes,1439563,"CRW_23S_B_P_5_nH.db",2821,836,Yes,1070884,2896,22804.0,10798865583
"CRW_23S_B_F_16_nH.db",2896,862,Yes,1439563,"CRW_23S_B_P_6_nH.db",2880,847,Yes,689705,2896,12204.0,7645754950
"CRW_23S_B_F_16_nH.db",2896,862,Yes,1439563,"CRW_23S_B_P_7_nH.db",3009,843,Yes,695010,3009,12604.0,7535452202
"CRW_23S_B_F_16_nH.db",2896,862,Yes,1439563,"CRW_23S_B_P_9_nH.db",2878,858,Yes,624046,2896,11604.0,11226883271
"CRW_23S_B_F_16_nH.db",2896,862,Yes,1439563,"CRW_23S_B_S_31_nH.db",2958,883,Yes,706242,2958,12604.0,8085936841
"CRW_23S_B_F_16_nH.db",2896,862,Yes,1439563,"CRW_23S_B_S_50_nH.db",2953,884,Yes,654873,2953,8404.0,8809853357
"CRW_23S_B_F_16_nH.db",2896,862,Yes,1439563,"CRW_23S_B_S_8_nH.db",2926,879,Yes,616871,2926,10504.0,7955449503
"CRW_23S_B_F_16_nH.db",2896,862,Yes,1439563,"CRW_23S_B_T_36_nH.db",2917,867,Yes,644290,2917,6600.0,7798610969
"CRW_23S_B_F_16_nH.db",2896,862,Yes,1439563,"CRW_23S_B_T_37_nH.db",2905,866,Yes,690411,2905,6004.0,11089196399
"CRW_23S_B_F_17_nH.db",2910,866,Yes,932567,"CRW_23S_B_F_18_nH.db",2910,866,Yes,906934,2910,0.0,7830132417
"CRW_23S_B_F_17_nH.db",2910,866,Yes,932567,"CRW_23S_B_F_19_nH.db",2910,866,Yes,898896,2910,0.0,8841718281
"CRW_23S_B_F_17_nH.db",2910,866,Yes,932567,"CRW_23S_B_F_22_nH.db",2913,871,Yes,963358,2913,5404.0,8314458276
"CRW_23S_B_F_17_nH.db",2910,866,Yes,932567,"CRW_23S_B_F_23_nH.db",2901,858,Yes,1053221,2910,6804.0,10929154368
"CRW_23S_B_F_17_nH.db",2910,866,Yes,932567,"CRW_23S_B_F_30_nH.db",2901,868,Yes,954962,2910,5204.0,7996952576
"CRW_23S_B_F_17_nH.db",2910,866,Yes,932567,"CRW_23S_B_F_32_nH.db",2928,868,Yes,996933,2928,3600.0,10946748440
"CRW_23S_B_F_17_nH.db",2910,866,Yes,932567,"CRW_23S_B_F_33_nH.db",2932,872,Yes,997999,2932,2400.0,8061206559
"CRW_23S_B_F_17_nH.db",2910,866,Yes,932567,"CRW_23S_B_F_3_nH.db",2920,866,Yes,995073,2920,3200.0,11191886037
"CRW_23S_B_F_17_nH.db",2910,866,Yes,932567,"CRW_23S_B_F_45_nH.db",2923,874,Yes,928943,2923,3200.0,7799414056
"CRW_23S_B_F_17_nH.db",2910,866,Yes,932567,"CRW_23S_B_F_46_nH.db",2924,876,Yes,909925,2924,3200.0,7885243246
"CRW_23S_B_F_17_nH.db",2910,866,Yes,932567,"CRW_23S_B_F_4_nH.db",2927,871,Yes,1013374,2927,7404.0,8755602449
"CRW_23S_B_F_17_nH.db",2910,866,Yes,932567,"CRW_23S_B_P_10_nH.db",2882,863,Yes,906707,2910,9004.0,7941157082
"CRW_23S_B_F_17_nH.db",2910,866,Yes,932567,"CRW_23S_B_P_11_nH.db",2882,862,Yes,1553113,2910,9204.0,11265018002
"CRW_23S_B_F_17_nH.db",2910,866,Yes,932567,"CRW_23S_B_P_12_nH.db",2907,872,Yes,1325265,2910,9604.0,8119634805
"CRW_23S_B_F_17_nH.db",2910,866,Yes,932567,"CRW_23S_B_P_1_nH.db",2903,871,Yes,706135,2910,9804.0,9154350854
"CRW_23S_B_F_17_nH.db",2910,866,Yes,932567,"CRW_23S_B_P_24_nH.db",2904,869,Yes,733609,2910,8604.0,7910260551
"CRW_23S_B_F_17_nH.db",2910,866,Yes,932567,"CRW_23S_B_P_27_nH.db",2897,866,Yes,770733,2910,7604.0,7811614375
"CRW_23S_B_F_17_nH.db",2910,866,Yes,932567,"CRW_23S_B_P_28_nH.db",2968,822,Yes,560931,2968,130700.0,10521498442
"CRW_23S_B_F_17_nH.db",2910,866,Yes,932567,"CRW_23S_B_P_29_nH.db",2903,868,Yes,1276441,2910,8804.0,7979747112
"CRW_23S_B_F_17_nH.db",2910,866,Yes,932567,"CRW_23S_B_P_2_nH.db",2895,868,Yes,754963,2910,10004.0,7854874799
"CRW_23S_B_F_17_nH.db",2910,866,Yes,932567,"CRW_23S_B_P_38_nH.db",2890,865,Yes,709261,2910,9804.0,10834447170
"CRW_23S_B_F_17_nH.db",2910,866,Yes,932567,"CRW_23S_B_P_39_nH.db",2890,865,Yes,718105,2910,9804.0,8007813111
"CRW_23S_B_F_17_nH.db",2910,866,Yes,932567,"CRW_23S_B_P_40_nH.db",2893,857,Yes,731934,2910,10604.0,11032567969
"CRW_23S_B_F_17_nH.db",2910,866,Yes,932567,"CRW_23S_B_P_41_nH.db",2893,867,Yes,848318,2910,8604.0,7902321763
"CRW_23S_B_F_17_nH.db",2910,866,Yes,932567,"CRW_23S_B_P_43_nH.db",2759,815,Yes,627116,2910,18605.0,7310984210
"CRW_23S_B_F_17_nH.db",2910,866,Yes,932567,"CRW_23S_B_P_44_nH.db",2867,856,Yes,704587,2910,11204.0,7479369801
"CRW_23S_B_F_17_nH.db",2910,866,Yes,932567,"CRW_23S_B_P_5_nH.db",2821,836,Yes,1070884,2910,22004.0,7560755481
"CRW_23S_B_F_17_nH.db",2910,866,Yes,932567,"CRW_23S_B_P_6_nH.db",2880,847,Yes,689705,2910,11804.0,7471622334
"CRW_23S_B_F_17_nH.db",2910,866,Yes,932567,"CRW_23S_B_P_7_nH.db",3009,843,Yes,695010,3009,12204.0,7383074989
"CRW_23S_B_F_17_nH.db",2910,866,Yes,932567,"CRW_23S_B_P_9_nH.db",2878,858,Yes,624046,2910,10404.0,7620166892
"CRW_23S_B_F_17_nH.db",2910,866,Yes,932567,"CRW_23S_B_S_31_nH.db",2958,883,Yes,706242,2958,11804.0,11169402447
"CRW_23S_B_F_17_nH.db",2910,866,Yes,932567,"CRW_23S_B_S_50_nH.db",2953,884,Yes,654873,2953,8404.0,8002779774
"CRW_23S_B_F_17_nH.db",2910,866,Yes,932567,"CRW_23S_B_S_8_nH.db",2926,879,Yes,616871,2926,9804.0,10995492428
"CRW_23S_B_F_17_nH.db",2910,866,Yes,932567,"CRW_23S_B_T_36_nH.db",2917,867,Yes,644290,2917,6200.0,7938766355
"CRW_23S_B_F_17_nH.db",2910,866,Yes,932567,"CRW_23S_B_T_37_nH.db",2905,866,Yes,690411,2910,4804.0,11239381306
"CRW_23S_B_F_18_nH.db",2910,866,Yes,906934,"CRW_23S_B_F_19_nH.db",2910,866,Yes,898896,2910,0.0,8084905062
"CRW_23S_B_F_18_nH.db",2910,866,Yes,906934,"CRW_23S_B_F_22_nH.db",2913,871,Yes,963358,2913,5404.0,7993086036
"CRW_23S_B_F_18_nH.db",2910,866,Yes,906934,"CRW_23S_B_F_23_nH.db",2901,858,Yes,1053221,2910,6804.0,8607937859
"CRW_23S_B_F_18_nH.db",2910,866,Yes,906934,"CRW_23S_B_F_30_nH.db",2901,868,Yes,954962,2910,5204.0,8170006347
"CRW_23S_B_F_18_nH.db",2910,866,Yes,906934,"CRW_23S_B_F_32_nH.db",2928,868,Yes,996933,2928,3600.0,11283600692
"CRW_23S_B_F_18_nH.db",2910,866,Yes,906934,"CRW_23S_B_F_33_nH.db",2932,872,Yes,997999,2932,2400.0,7815395548
"CRW_23S_B_F_18_nH.db",2910,866,Yes,906934,"CRW_23S_B_F_3_nH.db",2920,866,Yes,995073,2920,3200.0,8013401960
"CRW_23S_B_F_18_nH.db",2910,866,Yes,906934,"CRW_23S_B_F_45_nH.db",2923,874,Yes,928943,2923,3200.0,11375561707
"CRW_23S_B_F_18_nH.db",2910,866,Yes,906934,"CRW_23S_B_F_46_nH.db",2924,876,Yes,909925,2924,3200.0,7956016026
"CRW_23S_B_F_18_nH.db",2910,866,Yes,906934,"CRW_23S_B_F_4_nH.db",2927,871,Yes,1013374,2927,7404.0,8032458169
"CRW_23S_B_F_18_nH.db",2910,866,Yes,906934,"CRW_23S_B_P_10_nH.db",2882,863,Yes,906707,2910,9004.0,11134767493
"CRW_23S_B_F_18_nH.db",2910,866,Yes,906934,"CRW_23S_B_P_11_nH.db",2882,862,Yes,1553113,2910,9204.0,7781548448
"CRW_23S_B_F_18_nH.db",2910,866,Yes,906934,"CRW_23S_B_P_12_nH.db",2907,872,Yes,1325265,2910,9604.0,7793453642
"CRW_23S_B_F_18_nH.db",2910,866,Yes,906934,"CRW_23S_B_P_1_nH.db",2903,871,Yes,706135,2910,9804.0,8899087590
"CRW_23S_B_F_18_nH.db",2910,866,Yes,906934,"CRW_23S_B_P_24_nH.db",2904,869,Yes,733609,2910,8604.0,7957081777
"CRW_23S_B_F_18_nH.db",2910,866,Yes,906934,"CRW_23S_B_P_27_nH.db",2897,866,Yes,770733,2910,7604.0,7911432618
"CRW_23S_B_F_18_nH.db",2910,866,Yes,906934,"CRW_23S_B_P_28_nH.db",2968,822,Yes,560931,2968,130700.0,8185765827
"CRW_23S_B_F_18_nH.db",2910,866,Yes,906934,"CRW_23S_B_P_29_nH.db",2903,868,Yes,1276441,2910,8804.0,8267271062
"CRW_23S_B_F_18_nH.db",2910,866,Yes,906934,"CRW_23S_B_P_2_nH.db",2895,868,Yes,754963,2910,10004.0,11359892846
"CRW_23S_B_F_18_nH.db",2910,866,Yes,906934,"CRW_23S_B_P_38_nH.db",2890,865,Yes,709261,2910,9804.0,7910802821
"CRW_23S_B_F_18_nH.db",2910,866,Yes,906934,"CRW_23S_B_P_39_nH.db",2890,865,Yes,718105,2910,9804.0,8647123224
"CRW_23S_B_F_18_nH.db",2910,866,Yes,906934,"CRW_23S_B_P_40_nH.db",2893,857,Yes,731934,2910,10604.0,8159100608
"CRW_23S_B_F_18_nH.db",2910,866,Yes,906934,"CRW_23S_B_P_41_nH.db",2893,867,Yes,848318,2910,8604.0,11271394251
"CRW_23S_B_F_18_nH.db",2910,866,Yes,906934,"CRW_23S_B_P_43_nH.db",2759,815,Yes,627116,2910,18605.0,7372636419
"CRW_23S_B_F_18_nH.db",2910,866,Yes,906934,"CRW_23S_B_P_44_nH.db",2867,856,Yes,704587,2910,11204.0,7676320117
"CRW_23S_B_F_18_nH.db",2910,866,Yes,906934,"CRW_23S_B_P_5_nH.db",2821,836,Yes,1070884,2910,22004.0,7508243037
"CRW_23S_B_F_18_nH.db",2910,866,Yes,906934,"CRW_23S_B_P_6_nH.db",2880,847,Yes,689705,2910,11804.0,7397332219
"CRW_23S_B_F_18_nH.db",2910,866,Yes,906934,"CRW_23S_B_P_7_nH.db",3009,843,Yes,695010,3009,12204.0,7377341512
"CRW_23S_B_F_18_nH.db",2910,866,Yes,906934,"CRW_23S_B_P_9_nH.db",2878,858,Yes,624046,2910,10404.0,7745594900
"CRW_23S_B_F_18_nH.db",2910,866,Yes,906934,"CRW_23S_B_S_31_nH.db",2958,883,Yes,706242,2958,11804.0,11320037669
"CRW_23S_B_F_18_nH.db",2910,866,Yes,906934,"CRW_23S_B_S_50_nH.db",2953,884,Yes,654873,2953,8404.0,8078537407
"CRW_23S_B_F_18_nH.db",2910,866,Yes,906934,"CRW_23S_B_S_8_nH.db",2926,879,Yes,616871,2926,9804.0,7890458533
"CRW_23S_B_F_18_nH.db",2910,866,Yes,906934,"CRW_23S_B_T_36_nH.db",2917,867,Yes,644290,2917,6200.0,11072114010
"CRW_23S_B_F_18_nH.db",2910,866,Yes,906934,"CRW_23S_B_T_37_nH.db",2905,866,Yes,690411,2910,4804.0,7863763421
"CRW_23S_B_F_19_nH.db",2910,866,Yes,898896,"CRW_23S_B_F_22_nH.db",2913,871,Yes,963358,2913,5404.0,7750401761
"CRW_23S_B_F_19_nH.db",2910,866,Yes,898896,"CRW_23S_B_F_23_nH.db",2901,858,Yes,1053221,2910,6804.0,11084463159
"CRW_23S_B_F_19_nH.db",2910,866,Yes,898896,"CRW_23S_B_F_30_nH.db",2901,868,Yes,954962,2910,5204.0,7861053446
"CRW_23S_B_F_19_nH.db",2910,866,Yes,898896,"CRW_23S_B_F_32_nH.db",2928,868,Yes,996933,2928,3600.0,8865826200
"CRW_23S_B_F_19_nH.db",2910,866,Yes,898896,"CRW_23S_B_F_33_nH.db",2932,872,Yes,997999,2932,2400.0,7801150259
"CRW_23S_B_F_19_nH.db",2910,866,Yes,898896,"CRW_23S_B_F_3_nH.db",2920,866,Yes,995073,2920,3200.0,7836450785
"CRW_23S_B_F_19_nH.db",2910,866,Yes,898896,"CRW_23S_B_F_45_nH.db",2923,874,Yes,928943,2923,3200.0,11126154313
"CRW_23S_B_F_19_nH.db",2910,866,Yes,898896,"CRW_23S_B_F_46_nH.db",2924,876,Yes,909925,2924,3200.0,7849476864
"CRW_23S_B_F_19_nH.db",2910,866,Yes,898896,"CRW_23S_B_F_4_nH.db",2927,871,Yes,1013374,2927,7404.0,8933394992
"CRW_23S_B_F_19_nH.db",2910,866,Yes,898896,"CRW_23S_B_P_10_nH.db",2882,863,Yes,906707,2910,9004.0,7940511369
"CRW_23S_B_F_19_nH.db",2910,866,Yes,898896,"CRW_23S_B_P_11_nH.db",2882,862,Yes,1553113,2910,9204.0,7859033173
"CRW_23S_B_F_19_nH.db",2910,866,Yes,898896,"CRW_23S_B_P_12_nH.db",2907,872,Yes,1325265,2910,9604.0,11217190411
"CRW_23S_B_F_19_nH.db",2910,866,Yes,898896,"CRW_23S_B_P_1_nH.db",2903,871,Yes,706135,2910,9804.0,8147596502
"CRW_23S_B_F_19_nH.db",2910,866,Yes,898896,"CRW_23S_B_P_24_nH.db",2904,869,Yes,733609,2910,8604.0,8777076502
"CRW_23S_B_F_19_nH.db",2910,866,Yes,898896,"CRW_23S_B_P_27_nH.db",2897,866,Yes,770733,2910,7604.0,7786448978
"CRW_23S_B_F_19_nH.db",2910,866,Yes,898896,"CRW_23S_B_P_28_nH.db",2968,822,Yes,560931,2968,130700.0,7374423728
"CRW_23S_B_F_19_nH.db",2910,866,Yes,898896,"CRW_23S_B_P_29_nH.db",2903,868,Yes,1276441,2910,8804.0,7881241508
"CRW_23S_B_F_19_nH.db",2910,866,Yes,898896,"CRW_23S_B_P_2_nH.db",2895,868,Yes,754963,2910,10004.0,10914135532
"CRW_23S_B_F_19_nH.db",2910,866,Yes,898896,"CRW_23S_B_P_38_nH.db",2890,865,Yes,709261,2910,9804.0,7905691244
"CRW_23S_B_F_19_nH.db",2910,866,Yes,898896,"CRW_23S_B_P_39_nH.db",2890,865,Yes,718105,2910,9804.0,10964614829
"CRW_23S_B_F_19_nH.db",2910,866,Yes,898896,"CRW_23S_B_P_40_nH.db",2893,857,Yes,731934,2910,10604.0,7704713634
"CRW_23S_B_F_19_nH.db",2910,866,Yes,898896,"CRW_23S_B_P_41_nH.db",2893,867,Yes,848318,2910,8604.0,7811580039
"CRW_23S_B_F_19_nH.db",2910,866,Yes,898896,"CRW_23S_B_P_43_nH.db",2759,815,Yes,627116,2910,18605.0,10714817425
"CRW_23S_B_F_19_nH.db",2910,866,Yes,898896,"CRW_23S_B_P_44_nH.db",2867,856,Yes,704587,2910,11204.0,7781541369
"CRW_23S_B_F_19_nH.db",2910,866,Yes,898896,"CRW_23S_B_P_5_nH.db",2821,836,Yes,1070884,2910,22004.0,7529876319
"CRW_23S_B_F_19_nH.db",2910,866,Yes,898896,"CRW_23S_B_P_6_nH.db",2880,847,Yes,689705,2910,11804.0,7633328186
"CRW_23S_B_F_19_nH.db",2910,866,Yes,898896,"CRW_23S_B_P_7_nH.db",3009,843,Yes,695010,3009,12204.0,7384668286
"CRW_23S_B_F_19_nH.db",2910,866,Yes,898896,"CRW_23S_B_P_9_nH.db",2878,858,Yes,624046,2910,10404.0,7701779700
"CRW_23S_B_F_19_nH.db",2910,866,Yes,898896,"CRW_23S_B_S_31_nH.db",2958,883,Yes,706242,2958,11804.0,10971146662
"CRW_23S_B_F_19_nH.db",2910,866,Yes,898896,"CRW_23S_B_S_50_nH.db",2953,884,Yes,654873,2953,8404.0,8086433725
"CRW_23S_B_F_19_nH.db",2910,866,Yes,898896,"CRW_23S_B_S_8_nH.db",2926,879,Yes,616871,2926,9804.0,11445933991
"CRW_23S_B_F_19_nH.db",2910,866,Yes,898896,"CRW_23S_B_T_36_nH.db",2917,867,Yes,644290,2917,6200.0,7720819669
"CRW_23S_B_F_19_nH.db",2910,866,Yes,898896,"CRW_23S_B_T_37_nH.db",2905,866,Yes,690411,2910,4804.0,7891886160
"CRW_23S_B_F_22_nH.db",2913,871,Yes,963358,"CRW_23S_B_F_23_nH.db",2901,858,Yes,1053221,2913,3800.0,8678661287
"CRW_23S_B_F_22_nH.db",2913,871,Yes,963358,"CRW_23S_B_F_30_nH.db",2901,868,Yes,954962,2913,2600.0,8145963618
"CRW_23S_B_F_22_nH.db",2913,871,Yes,963358,"CRW_23S_B_F_32_nH.db",2928,868,Yes,996933,2928,5404.0,7804169377
"CRW_23S_B_F_22_nH.db",2913,871,Yes,963358,"CRW_23S_B_F_33_nH.db",2932,872,Yes,997999,2932,5804.0,11081610370
"CRW_23S_B_F_22_nH.db",2913,871,Yes,963358,"CRW_23S_B_F_3_nH.db",2920,866,Yes,995073,2920,5404.0,7908094462
"CRW_23S_B_F_22_nH.db",2913,871,Yes,963358,"CRW_23S_B_F_45_nH.db",2923,874,Yes,928943,2923,7004.0,8785563480
"CRW_23S_B_F_22_nH.db",2913,871,Yes,963358,"CRW_23S_B_F_46_nH.db",2924,876,Yes,909925,2924,6604.0,8247509587
"CRW_23S_B_F_22_nH.db",2913,871,Yes,963358,"CRW_23S_B_F_4_nH.db",2927,871,Yes,1013374,2927,4800.0,11189201849
"CRW_23S_B_F_22_nH.db",2913,871,Yes,963358,"CRW_23S_B_P_10_nH.db",2882,863,Yes,906707,2913,6400.0,11485917135
"CRW_23S_B_F_22_nH.db",2913,871,Yes,963358,"CRW_23S_B_P_11_nH.db",2882,862,Yes,1553113,2913,6600.0,8106081596
"CRW_23S_B_F_22_nH.db",2913,871,Yes,963358,"CRW_23S_B_P_12_nH.db",2907,872,Yes,1325265,2913,7000.0,8960333349
"CRW_23S_B_F_22_nH.db",2913,871,Yes,963358,"CRW_23S_B_P_1_nH.db",2903,871,Yes,706135,2913,6400.0,8054108277
"CRW_23S_B_F_22_nH.db",2913,871,Yes,963358,"CRW_23S_B_P_24_nH.db",2904,869,Yes,733609,2913,5200.0,7991247349
"CRW_23S_B_F_22_nH.db",2913,871,Yes,963358,"CRW_23S_B_P_27_nH.db",2897,866,Yes,770733,2913,5000.0,11498057700
"CRW_23S_B_F_22_nH.db",2913,871,Yes,963358,"CRW_23S_B_P_28_nH.db",2968,822,Yes,560931,2968,133400.0,7544450668
"CRW_23S_B_F_22_nH.db",2913,871,Yes,963358,"CRW_23S_B_P_29_nH.db",2903,868,Yes,1276441,2913,5400.0,7726898522
"CRW_23S_B_F_22_nH.db",2913,871,Yes,963358,"CRW_23S_B_P_2_nH.db",2895,868,Yes,754963,2913,6600.0,7800912244
"CRW_23S_B_F_22_nH.db",2913,871,Yes,963358,"CRW_23S_B_P_38_nH.db",2890,865,Yes,709261,2913,7200.0,7663581681
"CRW_23S_B_F_22_nH.db",2913,871,Yes,963358,"CRW_23S_B_P_39_nH.db",2890,865,Yes,718105,2913,7200.0,7881142405
"CRW_23S_B_F_22_nH.db",2913,871,Yes,963358,"CRW_23S_B_P_40_nH.db",2893,857,Yes,731934,2913,7600.0,10856780938
"CRW_23S_B_F_22_nH.db",2913,871,Yes,963358,"CRW_23S_B_P_41_nH.db",2893,867,Yes,848318,2913,6000.0,7979417400
"CRW_23S_B_F_22_nH.db",2913,871,Yes,963358,"CRW_23S_B_P_43_nH.db",2759,815,Yes,627116,2913,15601.0,10599722251
"CRW_23S_B_F_22_nH.db",2913,871,Yes,963358,"CRW_23S_B_P_44_nH.db",2867,856,Yes,704587,2913,9400.0,7960386760
"CRW_23S_B_F_22_nH.db",2913,871,Yes,963358,"CRW_23S_B_P_5_nH.db",2821,836,Yes,1070884,2913,18600.0,8582440861
"CRW_23S_B_F_22_nH.db",2913,871,Yes,963358,"CRW_23S_B_P_6_nH.db",2880,847,Yes,689705,2913,8800.0,7859844818
"CRW_23S_B_F_22_nH.db",2913,871,Yes,963358,"CRW_23S_B_P_7_nH.db",3009,843,Yes,695010,3009,9600.0,7645224084
"CRW_23S_B_F_22_nH.db",2913,871,Yes,963358,"CRW_23S_B_P_9_nH.db",2878,858,Yes,624046,2913,7800.0,8511360368
"CRW_23S_B_F_22_nH.db",2913,871,Yes,963358,"CRW_23S_B_S_31_nH.db",2958,883,Yes,706242,2958,9600.0,8226725927
"CRW_23S_B_F_22_nH.db",2913,871,Yes,963358,"CRW_23S_B_S_50_nH.db",2953,884,Yes,654873,2953,5400.0,11424295137
"CRW_23S_B_F_22_nH.db",2913,871,Yes,963358,"CRW_23S_B_S_8_nH.db",2926,879,Yes,616871,2926,6800.0,8084475027
"CRW_23S_B_F_22_nH.db",2913,871,Yes,963358,"CRW_23S_B_T_36_nH.db",2917,867,Yes,644290,2917,2404.0,9049626441
"CRW_23S_B_F_22_nH.db",2913,871,Yes,963358,"CRW_23S_B_T_37_nH.db",2905,866,Yes,690411,2913,2200.0,8029609976
"CRW_23S_B_F_23_nH.db",2901,858,Yes,1053221,"CRW_23S_B_F_30_nH.db",2901,868,Yes,954962,2901,2800.0,11141000496
"CRW_23S_B_F_23_nH.db",2901,858,Yes,1053221,"CRW_23S_B_F_32_nH.db",2928,868,Yes,996933,2928,8004.0,8106503162
"CRW_23S_B_F_23_nH.db",2901,858,Yes,1053221,"CRW_23S_B_F_33_nH.db",2932,872,Yes,997999,2932,7204.0,8673397884
"CRW_23S_B_F_23_nH.db",2901,858,Yes,1053221,"CRW_23S_B_F_3_nH.db",2920,866,Yes,995073,2920,7604.0,8034119645
"CRW_23S_B_F_23_nH.db",2901,858,Yes,1053221,"CRW_23S_B_F_45_nH.db",2923,874,Yes,928943,2923,8404.0,11268832324
"CRW_23S_B_F_23_nH.db",2901,858,Yes,1053221,"CRW_23S_B_F_46_nH.db",2924,876,Yes,909925,2924,8004.0,7878935148
"CRW_23S_B_F_23_nH.db",2901,858,Yes,1053221,"CRW_23S_B_F_4_nH.db",2927,871,Yes,1013374,2927,5800.0,8759009375
"CRW_23S_B_F_23_nH.db",2901,858,Yes,1053221,"CRW_23S_B_P_10_nH.db",2882,863,Yes,906707,2901,6500.0,7942682023
"CRW_23S_B_F_23_nH.db",2901,858,Yes,1053221,"CRW_23S_B_P_11_nH.db",2882,862,Yes,1553113,2901,6300.0,7547395946
"CRW_23S_B_F_23_nH.db",2901,858,Yes,1053221,"CRW_23S_B_P_12_nH.db",2907,872,Yes,1325265,2907,8400.0,7865913449
"CRW_23S_B_F_23_nH.db",2901,858,Yes,1053221,"CRW_23S_B_P_1_nH.db",2903,871,Yes,706135,2903,6600.0,8678897499
"CRW_23S_B_F_23_nH.db",2901,858,Yes,1053221,"CRW_23S_B_P_24_nH.db",2904,869,Yes,733609,2904,5400.0,7919289898
"CRW_23S_B_F_23_nH.db",2901,858,Yes,1053221,"CRW_23S_B_P_27_nH.db",2897,866,Yes,770733,2901,5500.0,7842133363
"CRW_23S_B_F_23_nH.db",2901,858,Yes,1053221,"CRW_23S_B_P_28_nH.db",2968,822,Yes,560931,2968,132000.0,10858164042
"CRW_23S_B_F_23_nH.db",2901,858,Yes,1053221,"CRW_23S_B_P_29_nH.db",2903,868,Yes,1276441,2903,5200.0,7945179353
"CRW_23S_B_F_23_nH.db",2901,858,Yes,1053221,"CRW_23S_B_P_2_nH.db",2895,868,Yes,754963,2901,6800.0,11100462106
"CRW_23S_B_F_23_nH.db",2901,858,Yes,1053221,"CRW_23S_B_P_38_nH.db",2890,865,Yes,709261,2901,7400.0,7808570723
"CRW_23S_B_F_23_nH.db",2901,858,Yes,1053221,"CRW_23S_B_P_39_nH.db",2890,865,Yes,718105,2901,7400.0,7570709107
"CRW_23S_B_F_23_nH.db",2901,858,Yes,1053221,"CRW_23S_B_P_40_nH.db",2893,857,Yes,731934,2901,7400.0,7542249183
"CRW_23S_B_F_23_nH.db",2901,858,Yes,1053221,"CRW_23S_B_P_41_nH.db",2893,867,Yes,848318,2901,6200.0,7471228996
"CRW_23S_B_F_23_nH.db",2901,858,Yes,1053221,"CRW_23S_B_P_43_nH.db",2759,815,Yes,627116,2901,13401.0,7218069080
"CRW_23S_B_F_23_nH.db",2901,858,Yes,1053221,"CRW_23S_B_P_44_nH.db",2867,856,Yes,704587,2901,8000.0,7571634922
"CRW_23S_B_F_23_nH.db",2901,858,Yes,1053221,"CRW_23S_B_P_5_nH.db",2821,836,Yes,1070884,2901,16800.0,10751015369
"CRW_23S_B_F_23_nH.db",2901,858,Yes,1053221,"CRW_23S_B_P_6_nH.db",2880,847,Yes,689705,2901,8500.0,7617920140
"CRW_23S_B_F_23_nH.db",2901,858,Yes,1053221,"CRW_23S_B_P_7_nH.db",3009,843,Yes,695010,3009,8200.0,7566239135
"CRW_23S_B_F_23_nH.db",2901,858,Yes,1053221,"CRW_23S_B_P_9_nH.db",2878,858,Yes,624046,2901,6800.0,7428140072
"CRW_23S_B_F_23_nH.db",2901,858,Yes,1053221,"CRW_23S_B_S_31_nH.db",2958,883,Yes,706242,2958,10600.0,7801135519
"CRW_23S_B_F_23_nH.db",2901,858,Yes,1053221,"CRW_23S_B_S_50_nH.db",2953,884,Yes,654873,2953,5600.0,8667781355
"CRW_23S_B_F_23_nH.db",2901,858,Yes,1053221,"CRW_23S_B_S_8_nH.db",2926,879,Yes,616871,2926,7800.0,7950437455
"CRW_23S_B_F_23_nH.db",2901,858,Yes,1053221,"CRW_23S_B_T_36_nH.db",2917,867,Yes,644290,2917,3404.0,7803327184
"CRW_23S_B_F_23_nH.db",2901,858,Yes,1053221,"CRW_23S_B_T_37_nH.db",2905,866,Yes,690411,2905,3200.0,11023659642
"CRW_23S_B_F_30_nH.db",2901,868,Yes,954962,"CRW_23S_B_F_32_nH.db",2928,868,Yes,996933,2928,6804.0,7725893591
"CRW_23S_B_F_30_nH.db",2901,868,Yes,954962,"CRW_23S_B_F_33_nH.db",2932,872,Yes,997999,2932,6004.0,7866290079
"CRW_23S_B_F_30_nH.db",2901,868,Yes,954962,"CRW_23S_B_F_3_nH.db",2920,866,Yes,995073,2920,6004.0,11234227067
"CRW_23S_B_F_30_nH.db",2901,868,Yes,954962,"CRW_23S_B_F_45_nH.db",2923,874,Yes,928943,2923,6404.0,7815920498
"CRW_23S_B_F_30_nH.db",2901,868,Yes,954962,"CRW_23S_B_F_46_nH.db",2924,876,Yes,909925,2924,6004.0,8022717109
"CRW_23S_B_F_30_nH.db",2901,868,Yes,954962,"CRW_23S_B_F_4_nH.db",2927,871,Yes,1013374,2927,4600.0,11027671728
"CRW_23S_B_F_30_nH.db",2901,868,Yes,954962,"CRW_23S_B_P_10_nH.db",2882,863,Yes,906707,2901,6200.0,7827222199
"CRW_23S_B_F_30_nH.db",2901,868,Yes,954962,"CRW_23S_B_P_11_nH.db",2882,862,Yes,1553113,2901,6400.0,7789339827
"CRW_23S_B_F_30_nH.db",2901,868,Yes,954962,"CRW_23S_B_P_12_nH.db",2907,872,Yes,1325265,2907,6800.0,11212335000
"CRW_23S_B_F_30_nH.db",2901,868,Yes,954962,"CRW_23S_B_P_1_nH.db",2903,871,Yes,706135,2903,7000.0,7901559519
"CRW_23S_B_F_30_nH.db",2901,868,Yes,954962,"CRW_23S_B_P_24_nH.db",2904,869,Yes,733609,2904,5800.0,8685105788
"CRW_23S_B_F_30_nH.db",2901,868,Yes,954962,"CRW_23S_B_P_27_nH.db",2897,866,Yes,770733,2901,4800.0,7991792415
"CRW_23S_B_F_30_nH.db",2901,868,Yes,954962,"CRW_23S_B_P_28_nH.db",2968,822,Yes,560931,2968,133200.0,7262694055
"CRW_23S_B_F_30_nH.db",2901,868,Yes,954962,"CRW_23S_B_P_29_nH.db",2903,868,Yes,1276441,2903,5600.0,7759174753
"CRW_23S_B_F_30_nH.db",2901,868,Yes,954962,"CRW_23S_B_P_2_nH.db",2895,868,Yes,754963,2901,7200.0,10997734291
"CRW_23S_B_F_30_nH.db",2901,868,Yes,954962,"CRW_23S_B_P_38_nH.db",2890,865,Yes,709261,2901,7400.0,7948402870
"CRW_23S_B_F_30_nH.db",2901,868,Yes,954962,"CRW_23S_B_P_39_nH.db",2890,865,Yes,718105,2901,7400.0,11201889052
"CRW_23S_B_F_30_nH.db",2901,868,Yes,954962,"CRW_23S_B_P_40_nH.db",2893,857,Yes,731934,2901,7800.0,7711203302
"CRW_23S_B_F_30_nH.db",2901,868,Yes,954962,"CRW_23S_B_P_41_nH.db",2893,867,Yes,848318,2901,6200.0,7859853392
"CRW_23S_B_F_30_nH.db",2901,868,Yes,954962,"CRW_23S_B_P_43_nH.db",2759,815,Yes,627116,2901,15001.0,10651143096
"CRW_23S_B_F_30_nH.db",2901,868,Yes,954962,"CRW_23S_B_P_44_nH.db",2867,856,Yes,704587,2901,8800.0,8014306921
"CRW_23S_B_F_30_nH.db",2901,868,Yes,954962,"CRW_23S_B_P_5_nH.db",2821,836,Yes,1070884,2901,18400.0,10831079770
"CRW_23S_B_F_30_nH.db",2901,868,Yes,954962,"CRW_23S_B_P_6_nH.db",2880,847,Yes,689705,2901,9000.0,7849198800
"CRW_23S_B_F_30_nH.db",2901,868,Yes,954962,"CRW_23S_B_P_7_nH.db",3009,843,Yes,695010,3009,9400.0,7447397906
"CRW_23S_B_F_30_nH.db",2901,868,Yes,954962,"CRW_23S_B_P_9_nH.db",2878,858,Yes,624046,2901,7600.0,7864929768
"CRW_23S_B_F_30_nH.db",2901,868,Yes,954962,"CRW_23S_B_S_31_nH.db",2958,883,Yes,706242,2958,9000.0,11294163165
"CRW_23S_B_F_30_nH.db",2901,868,Yes,954962,"CRW_23S_B_S_50_nH.db",2953,884,Yes,654873,2953,5600.0,8092053130
"CRW_23S_B_F_30_nH.db",2901,868,Yes,954962,"CRW_23S_B_S_8_nH.db",2926,879,Yes,616871,2926,6600.0,11222591269
"CRW_23S_B_F_30_nH.db",2901,868,Yes,954962,"CRW_23S_B_T_36_nH.db",2917,867,Yes,644290,2917,3004.0,7880196305
"CRW_23S_B_F_30_nH.db",2901,868,Yes,954962,"CRW_23S_B_T_37_nH.db",2905,866,Yes,690411,2905,2000.0,7862377710
"CRW_23S_B_F_32_nH.db",2928,868,Yes,996933,"CRW_23S_B_F_33_nH.db",2932,872,Yes,997999,2932,1600.0,11227516320
"CRW_23S_B_F_32_nH.db",2928,868,Yes,996933,"CRW_23S_B_F_3_nH.db",2920,866,Yes,995073,2928,2000.0,7996623050
"CRW_23S_B_F_32_nH.db",2928,868,Yes,996933,"CRW_23S_B_F_45_nH.db",2923,874,Yes,928943,2928,3200.0,11171547400
"CRW_23S_B_F_32_nH.db",2928,868,Yes,996933,"CRW_23S_B_F_46_nH.db",2924,876,Yes,909925,2928,2800.0,8059138070
"CRW_23S_B_F_32_nH.db",2928,868,Yes,996933,"CRW_23S_B_F_4_nH.db",2927,871,Yes,1013374,2928,7004.0,8917838777
"CRW_23S_B_F_32_nH.db",2928,868,Yes,996933,"CRW_23S_B_P_10_nH.db",2882,863,Yes,906707,2928,10204.0,7712671899
"CRW_23S_B_F_32_nH.db",2928,868,Yes,996933,"CRW_23S_B_P_11_nH.db",2882,862,Yes,1553113,2928,10404.0,7853044406
"CRW_23S_B_F_32_nH.db",2928,868,Yes,996933,"CRW_23S_B_P_12_nH.db",2907,872,Yes,1325265,2928,10804.0,11159902689
"CRW_23S_B_F_32_nH.db",2928,868,Yes,996933,"CRW_23S_B_P_1_nH.db",2903,871,Yes,706135,2928,10604.0,7938260576
"CRW_23S_B_F_32_nH.db",2928,868,Yes,996933,"CRW_23S_B_P_24_nH.db",2904,869,Yes,733609,2928,9004.0,11368080450
"CRW_23S_B_F_32_nH.db",2928,868,Yes,996933,"CRW_23S_B_P_27_nH.db",2897,866,Yes,770733,2928,8804.0,7909060764
"CRW_23S_B_F_32_nH.db",2928,868,Yes,996933,"CRW_23S_B_P_28_nH.db",2968,822,Yes,560931,2968,131100.0,8337881530
"CRW_23S_B_F_32_nH.db",2928,868,Yes,996933,"CRW_23S_B_P_29_nH.db",2903,868,Yes,1276441,2928,9204.0,7977674032
"CRW_23S_B_F_32_nH.db",2928,868,Yes,996933,"CRW_23S_B_P_2_nH.db",2895,868,Yes,754963,2928,10804.0,7876565063
"CRW_23S_B_F_32_nH.db",2928,868,Yes,996933,"CRW_23S_B_P_38_nH.db",2890,865,Yes,709261,2928,11404.0,8783037830
"CRW_23S_B_F_32_nH.db",2928,868,Yes,996933,"CRW_23S_B_P_39_nH.db",2890,865,Yes,718105,2928,11404.0,7931350589
"CRW_23S_B_F_32_nH.db",2928,868,Yes,996933,"CRW_23S_B_P_40_nH.db",2893,857,Yes,731934,2928,11004.0,7845630737
"CRW_23S_B_F_32_nH.db",2928,868,Yes,996933,"CRW_23S_B_P_41_nH.db",2893,867,Yes,848318,2928,10204.0,11289097034
"CRW_23S_B_F_32_nH.db",2928,868,Yes,996933,"CRW_23S_B_P_43_nH.db",2759,815,Yes,627116,2928,19005.0,7396843250
"CRW_23S_B_F_32_nH.db",2928,868,Yes,996933,"CRW_23S_B_P_44_nH.db",2867,856,Yes,704587,2928,12404.0,7499556165
"CRW_23S_B_F_32_nH.db",2928,868,Yes,996933,"CRW_23S_B_P_5_nH.db",2821,836,Yes,1070884,2928,22404.0,7541202651
"CRW_23S_B_F_32_nH.db",2928,868,Yes,996933,"CRW_23S_B_P_6_nH.db",2880,847,Yes,689705,2928,12604.0,8444469713
"CRW_23S_B_F_32_nH.db",2928,868,Yes,996933,"CRW_23S_B_P_7_nH.db",3009,843,Yes,695010,3009,13004.0,7820754707
"CRW_23S_B_F_32_nH.db",2928,868,Yes,996933,"CRW_23S_B_P_9_nH.db",2878,858,Yes,624046,2928,11604.0,7676535394
"CRW_23S_B_F_32_nH.db",2928,868,Yes,996933,"CRW_23S_B_S_31_nH.db",2958,883,Yes,706242,2958,11704.0,8882588481
"CRW_23S_B_F_32_nH.db",2928,868,Yes,996933,"CRW_23S_B_S_50_nH.db",2953,884,Yes,654873,2953,8004.0,7988024551
"CRW_23S_B_F_32_nH.db",2928,868,Yes,996933,"CRW_23S_B_S_8_nH.db",2926,879,Yes,616871,2928,10104.0,7885979395
"CRW_23S_B_F_32_nH.db",2928,868,Yes,996933,"CRW_23S_B_T_36_nH.db",2917,867,Yes,644290,2928,7000.0,8551855241
"CRW_23S_B_F_32_nH.db",2928,868,Yes,996933,"CRW_23S_B_T_37_nH.db",2905,866,Yes,690411,2928,6804.0,7888419748
"CRW_23S_B_F_33_nH.db",2932,872,Yes,997999,"CRW_23S_B_F_3_nH.db",2920,866,Yes,995073,2932,2000.0,7933464757
"CRW_23S_B_F_33_nH.db",2932,872,Yes,997999,"CRW_23S_B_F_45_nH.db",2923,874,Yes,928943,2932,2000.0,11038738919
"CRW_23S_B_F_33_nH.db",2932,872,Yes,997999,"CRW_23S_B_F_46_nH.db",2924,876,Yes,909925,2932,2000.0,8031823979
"CRW_23S_B_F_33_nH.db",2932,872,Yes,997999,"CRW_23S_B_F_4_nH.db",2927,871,Yes,1013374,2932,6604.0,11547259953
"CRW_23S_B_F_33_nH.db",2932,872,Yes,997999,"CRW_23S_B_P_10_nH.db",2882,863,Yes,906707,2932,9004.0,7807528126
"CRW_23S_B_F_33_nH.db",2932,872,Yes,997999,"CRW_23S_B_P_11_nH.db",2882,862,Yes,1553113,2932,9204.0,7832514949
"CRW_23S_B_F_33_nH.db",2932,872,Yes,997999,"CRW_23S_B_P_12_nH.db",2907,872,Yes,1325265,2932,10004.0,11152246952
"CRW_23S_B_F_33_nH.db",2932,872,Yes,997999,"CRW_23S_B_P_1_nH.db",2903,871,Yes,706135,2932,9804.0,8102985555
"CRW_23S_B_F_33_nH.db",2932,872,Yes,997999,"CRW_23S_B_P_24_nH.db",2904,869,Yes,733609,2932,8204.0,8710720734
"CRW_23S_B_F_33_nH.db",2932,872,Yes,997999,"CRW_23S_B_P_27_nH.db",2897,866,Yes,770733,2932,7604.0,7986029947
"CRW_23S_B_F_33_nH.db",2932,872,Yes,997999,"CRW_23S_B_P_28_nH.db",2968,822,Yes,560931,2968,131900.0,7379281321
"CRW_23S_B_F_33_nH.db",2932,872,Yes,997999,"CRW_23S_B_P_29_nH.db",2903,868,Yes,1276441,2932,8404.0,7856913062
"CRW_23S_B_F_33_nH.db",2932,872,Yes,997999,"CRW_23S_B_P_2_nH.db",2895,868,Yes,754963,2932,10004.0,11170112399
"CRW_23S_B_F_33_nH.db",2932,872,Yes,997999,"CRW_23S_B_P_38_nH.db",2890,865,Yes,709261,2932,10604.0,7877008198
"CRW_23S_B_F_33_nH.db",2932,872,Yes,997999,"CRW_23S_B_P_39_nH.db",2890,865,Yes,718105,2932,10604.0,8800176854
"CRW_23S_B_F_33_nH.db",2932,872,Yes,997999,"CRW_23S_B_P_40_nH.db",2893,857,Yes,731934,2932,10204.0,7793013022
"CRW_23S_B_F_33_nH.db",2932,872,Yes,997999,"CRW_23S_B_P_41_nH.db",2893,867,Yes,848318,2932,9004.0,7810007081
"CRW_23S_B_F_33_nH.db",2932,872,Yes,997999,"CRW_23S_B_P_43_nH.db",2759,815,Yes,627116,2932,17805.0,10703547853
"CRW_23S_B_F_33_nH.db",2932,872,Yes,997999,"CRW_23S_B_P_44_nH.db",2867,856,Yes,704587,2932,11204.0,7982230004
"CRW_23S_B_F_33_nH.db",2932,872,Yes,997999,"CRW_23S_B_P_5_nH.db",2821,836,Yes,1070884,2932,21204.0,8443082721
"CRW_23S_B_F_33_nH.db",2932,872,Yes,997999,"CRW_23S_B_P_6_nH.db",2880,847,Yes,689705,2932,11004.0,7880176100
"CRW_23S_B_F_33_nH.db",2932,872,Yes,997999,"CRW_23S_B_P_7_nH.db",3009,843,Yes,695010,3009,11404.0,7698005465
"CRW_23S_B_F_33_nH.db",2932,872,Yes,997999,"CRW_23S_B_P_9_nH.db",2878,858,Yes,624046,2932,10404.0,11253579849
"CRW_23S_B_F_33_nH.db",2932,872,Yes,997999,"CRW_23S_B_S_31_nH.db",2958,883,Yes,706242,2958,10904.0,8296194601
"CRW_23S_B_F_33_nH.db",2932,872,Yes,997999,"CRW_23S_B_S_50_nH.db",2953,884,Yes,654873,2953,6804.0,11378083012
"CRW_23S_B_F_33_nH.db",2932,872,Yes,997999,"CRW_23S_B_S_8_nH.db",2926,879,Yes,616871,2932,10104.0,8099102841
"CRW_23S_B_F_33_nH.db",2932,872,Yes,997999,"CRW_23S_B_T_36_nH.db",2917,867,Yes,644290,2932,7000.0,8969858264
"CRW_23S_B_F_33_nH.db",2932,872,Yes,997999,"CRW_23S_B_T_37_nH.db",2905,866,Yes,690411,2932,6004.0,8033884004
"CRW_23S_B_F_3_nH.db",2920,866,Yes,995073,"CRW_23S_B_F_45_nH.db",2923,874,Yes,928943,2923,3200.0,8794051922
"CRW_23S_B_F_3_nH.db",2920,866,Yes,995073,"CRW_23S_B_F_46_nH.db",2924,876,Yes,909925,2924,2800.0,8200409501
"CRW_23S_B_F_3_nH.db",2920,866,Yes,995073,"CRW_23S_B_F_4_nH.db",2927,871,Yes,1013374,2927,7804.0,11543080343
"CRW_23S_B_F_3_nH.db",2920,866,Yes,995073,"CRW_23S_B_P_10_nH.db",2882,863,Yes,906707,2920,10604.0,7901552106
"CRW_23S_B_F_3_nH.db",2920,866,Yes,995073,"CRW_23S_B_P_11_nH.db",2882,862,Yes,1553113,2920,10804.0,7761753729
"CRW_23S_B_F_3_nH.db",2920,866,Yes,995073,"CRW_23S_B_P_12_nH.db",2907,872,Yes,1325265,2920,10804.0,11015496359
"CRW_23S_B_F_3_nH.db",2920,866,Yes,995073,"CRW_23S_B_P_1_nH.db",2903,871,Yes,706135,2920,11004.0,8080183686
"CRW_23S_B_F_3_nH.db",2920,866,Yes,995073,"CRW_23S_B_P_24_nH.db",2904,869,Yes,733609,2920,9404.0,11046335362
"CRW_23S_B_F_3_nH.db",2920,866,Yes,995073,"CRW_23S_B_P_27_nH.db",2897,866,Yes,770733,2920,9204.0,7981700590
"CRW_23S_B_F_3_nH.db",2920,866,Yes,995073,"CRW_23S_B_P_28_nH.db",2968,822,Yes,560931,2968,131100.0,10811767857
"CRW_23S_B_F_3_nH.db",2920,866,Yes,995073,"CRW_23S_B_P_29_nH.db",2903,868,Yes,1276441,2920,9604.0,7994438311
"CRW_23S_B_F_3_nH.db",2920,866,Yes,995073,"CRW_23S_B_P_2_nH.db",2895,868,Yes,754963,2920,11204.0,11610569315
"CRW_23S_B_F_3_nH.db",2920,866,Yes,995073,"CRW_23S_B_P_38_nH.db",2890,865,Yes,709261,2920,11804.0,7890982545
"CRW_23S_B_F_3_nH.db",2920,866,Yes,995073,"CRW_23S_B_P_39_nH.db",2890,865,Yes,718105,2920,11804.0,8644526656
"CRW_23S_B_F_3_nH.db",2920,866,Yes,995073,"CRW_23S_B_P_40_nH.db",2893,857,Yes,731934,2920,11404.0,7933857602
"CRW_23S_B_F_3_nH.db",2920,866,Yes,995073,"CRW_23S_B_P_41_nH.db",2893,867,Yes,848318,2920,10604.0,7931047067
"CRW_23S_B_F_3_nH.db",2920,866,Yes,995073,"CRW_23S_B_P_43_nH.db",2759,815,Yes,627116,2920,19405.0,10770978806
"CRW_23S_B_F_3_nH.db",2920,866,Yes,995073,"CRW_23S_B_P_44_nH.db",2867,856,Yes,704587,2920,13204.0,7823163950
"CRW_23S_B_F_3_nH.db",2920,866,Yes,995073,"CRW_23S_B_P_5_nH.db",2821,836,Yes,1070884,2920,22804.0,7443088957
"CRW_23S_B_F_3_nH.db",2920,866,Yes,995073,"CRW_23S_B_P_6_nH.db",2880,847,Yes,689705,2920,13004.0,7571252254
"CRW_23S_B_F_3_nH.db",2920,866,Yes,995073,"CRW_23S_B_P_7_nH.db",3009,843,Yes,695010,3009,13404.0,10979928449
"CRW_23S_B_F_3_nH.db",2920,866,Yes,995073,"CRW_23S_B_P_9_nH.db",2878,858,Yes,624046,2920,12004.0,7778115325
"CRW_23S_B_F_3_nH.db",2920,866,Yes,995073,"CRW_23S_B_S_31_nH.db",2958,883,Yes,706242,2958,12904.0,7858242799
"CRW_23S_B_F_3_nH.db",2920,866,Yes,995073,"CRW_23S_B_S_50_nH.db",2953,884,Yes,654873,2953,8404.0,8018030550
"CRW_23S_B_F_3_nH.db",2920,866,Yes,995073,"CRW_23S_B_S_8_nH.db",2926,879,Yes,616871,2926,10504.0,11263268010
"CRW_23S_B_F_3_nH.db",2920,866,Yes,995073,"CRW_23S_B_T_36_nH.db",2917,867,Yes,644290,2920,7400.0,7682255185
"CRW_23S_B_F_3_nH.db",2920,866,Yes,995073,"CRW_23S_B_T_37_nH.db",2905,866,Yes,690411,2920,6404.0,7726664913
"CRW_23S_B_F_45_nH.db",2923,874,Yes,928943,"CRW_23S_B_F_46_nH.db",2924,876,Yes,909925,2924,400.0,7895866314
"CRW_23S_B_F_45_nH.db",2923,874,Yes,928943,"CRW_23S_B_F_4_nH.db",2927,871,Yes,1013374,2927,6204.0,11080511162
"CRW_23S_B_F_45_nH.db",2923,874,Yes,928943,"CRW_23S_B_P_10_nH.db",2882,863,Yes,906707,2923,9004.0,7969397728
"CRW_23S_B_F_45_nH.db",2923,874,Yes,928943,"CRW_23S_B_P_11_nH.db",2882,862,Yes,1553113,2923,9204.0,11414547005
"CRW_23S_B_F_45_nH.db",2923,874,Yes,928943,"CRW_23S_B_P_12_nH.db",2907,872,Yes,1325265,2923,8804.0,7960835363
"CRW_23S_B_F_45_nH.db",2923,874,Yes,928943,"CRW_23S_B_P_1_nH.db",2903,871,Yes,706135,2923,9404.0,11478653503
"CRW_23S_B_F_45_nH.db",2923,874,Yes,928943,"CRW_23S_B_P_24_nH.db",2904,869,Yes,733609,2923,8604.0,7955446037
"CRW_23S_B_F_45_nH.db",2923,874,Yes,928943,"CRW_23S_B_P_27_nH.db",2897,866,Yes,770733,2923,7604.0,11289849241
"CRW_23S_B_F_45_nH.db",2923,874,Yes,928943,"CRW_23S_B_P_28_nH.db",2968,822,Yes,560931,2968,132300.0,7428798650
"CRW_23S_B_F_45_nH.db",2923,874,Yes,928943,"CRW_23S_B_P_29_nH.db",2903,868,Yes,1276441,2923,8804.0,8082519561
"CRW_23S_B_F_45_nH.db",2923,874,Yes,928943,"CRW_23S_B_P_2_nH.db",2895,868,Yes,754963,2923,10004.0,11241117621
"CRW_23S_B_F_45_nH.db",2923,874,Yes,928943,"CRW_23S_B_P_38_nH.db",2890,865,Yes,709261,2923,10204.0,8156419006
"CRW_23S_B_F_45_nH.db",2923,874,Yes,928943,"CRW_23S_B_P_39_nH.db",2890,865,Yes,718105,2923,10204.0,9083049937
"CRW_23S_B_F_45_nH.db",2923,874,Yes,928943,"CRW_23S_B_P_40_nH.db",2893,857,Yes,731934,2923,10604.0,7999932843
"CRW_23S_B_F_45_nH.db",2923,874,Yes,928943,"CRW_23S_B_P_41_nH.db",2893,867,Yes,848318,2923,7804.0,7871224139
"CRW_23S_B_F_45_nH.db",2923,874,Yes,928943,"CRW_23S_B_P_43_nH.db",2759,815,Yes,627116,2923,17405.0,10747701096
"CRW_23S_B_F_45_nH.db",2923,874,Yes,928943,"CRW_23S_B_P_44_nH.db",2867,856,Yes,704587,2923,10804.0,8081402046
"CRW_23S_B_F_45_nH.db",2923,874,Yes,928943,"CRW_23S_B_P_5_nH.db",2821,836,Yes,1070884,2923,20804.0,8493397551
"CRW_23S_B_F_45_nH.db",2923,874,Yes,928943,"CRW_23S_B_P_6_nH.db",2880,847,Yes,689705,2923,11404.0,7851964389
"CRW_23S_B_F_45_nH.db",2923,874,Yes,928943,"CRW_23S_B_P_7_nH.db",3009,843,Yes,695010,3009,11804.0,7738551629
"CRW_23S_B_F_45_nH.db",2923,874,Yes,928943,"CRW_23S_B_P_9_nH.db",2878,858,Yes,624046,2923,10404.0,7625039374
"CRW_23S_B_F_45_nH.db",2923,874,Yes,928943,"CRW_23S_B_S_31_nH.db",2958,883,Yes,706242,2958,10104.0,8947838996
"CRW_23S_B_F_45_nH.db",2923,874,Yes,928943,"CRW_23S_B_S_50_nH.db",2953,884,Yes,654873,2953,8004.0,8039473662
"CRW_23S_B_F_45_nH.db",2923,874,Yes,928943,"CRW_23S_B_S_8_nH.db",2926,879,Yes,616871,2926,10504.0,11354051331
"CRW_23S_B_F_45_nH.db",2923,874,Yes,928943,"CRW_23S_B_T_36_nH.db",2917,867,Yes,644290,2923,8200.0,8058098131
"CRW_23S_B_F_45_nH.db",2923,874,Yes,928943,"CRW_23S_B_T_37_nH.db",2905,866,Yes,690411,2923,6804.0,8838428869
"CRW_23S_B_F_46_nH.db",2924,876,Yes,909925,"CRW_23S_B_F_4_nH.db",2927,871,Yes,1013374,2927,5804.0,7944993371
"CRW_23S_B_F_46_nH.db",2924,876,Yes,909925,"CRW_23S_B_P_10_nH.db",2882,863,Yes,906707,2924,8604.0,7842361420
"CRW_23S_B_F_46_nH.db",2924,876,Yes,909925,"CRW_23S_B_P_11_nH.db",2882,862,Yes,1553113,2924,8804.0,11582466905
"CRW_23S_B_F_46_nH.db",2924,876,Yes,909925,"CRW_23S_B_P_12_nH.db",2907,872,Yes,1325265,2924,8404.0,8027632146
"CRW_23S_B_F_46_nH.db",2924,876,Yes,909925,"CRW_23S_B_P_1_nH.db",2903,871,Yes,706135,2924,9004.0,9036850760
"CRW_23S_B_F_46_nH.db",2924,876,Yes,909925,"CRW_23S_B_P_24_nH.db",2904,869,Yes,733609,2924,8204.0,8157965045
"CRW_23S_B_F_46_nH.db",2924,876,Yes,909925,"CRW_23S_B_P_27_nH.db",2897,866,Yes,770733,2924,7604.0,11174842835
"CRW_23S_B_F_46_nH.db",2924,876,Yes,909925,"CRW_23S_B_P_28_nH.db",2968,822,Yes,560931,2968,132700.0,7566025212
"CRW_23S_B_F_46_nH.db",2924,876,Yes,909925,"CRW_23S_B_P_29_nH.db",2903,868,Yes,1276441,2924,8404.0,8054750254
"CRW_23S_B_F_46_nH.db",2924,876,Yes,909925,"CRW_23S_B_P_2_nH.db",2895,868,Yes,754963,2924,9604.0,8957942494
"CRW_23S_B_F_46_nH.db",2924,876,Yes,909925,"CRW_23S_B_P_38_nH.db",2890,865,Yes,709261,2924,9804.0,8142411980
"CRW_23S_B_F_46_nH.db",2924,876,Yes,909925,"CRW_23S_B_P_39_nH.db",2890,865,Yes,718105,2924,9804.0,8765544975
"CRW_23S_B_F_46_nH.db",2924,876,Yes,909925,"CRW_23S_B_P_40_nH.db",2893,857,Yes,731934,2924,10204.0,8115945857
"CRW_23S_B_F_46_nH.db",2924,876,Yes,909925,"CRW_23S_B_P_41_nH.db",2893,867,Yes,848318,2924,7804.0,11561468200
"CRW_23S_B_F_46_nH.db",2924,876,Yes,909925,"CRW_23S_B_P_43_nH.db",2759,815,Yes,627116,2924,17805.0,7517092381
"CRW_23S_B_F_46_nH.db",2924,876,Yes,909925,"CRW_23S_B_P_44_nH.db",2867,856,Yes,704587,2924,10804.0,7624690548
"CRW_23S_B_F_46_nH.db",2924,876,Yes,909925,"CRW_23S_B_P_5_nH.db",2821,836,Yes,1070884,2924,21204.0,7666012069
"CRW_23S_B_F_46_nH.db",2924,876,Yes,909925,"CRW_23S_B_P_6_nH.db",2880,847,Yes,689705,2924,11404.0,11233238848
"CRW_23S_B_F_46_nH.db",2924,876,Yes,909925,"CRW_23S_B_P_7_nH.db",3009,843,Yes,695010,3009,11804.0,7807799343
"CRW_23S_B_F_46_nH.db",2924,876,Yes,909925,"CRW_23S_B_P_9_nH.db",2878,858,Yes,624046,2924,10004.0,7844648827
"CRW_23S_B_F_46_nH.db",2924,876,Yes,909925,"CRW_23S_B_S_31_nH.db",2958,883,Yes,706242,2958,10104.0,9053462054
"CRW_23S_B_F_46_nH.db",2924,876,Yes,909925,"CRW_23S_B_S_50_nH.db",2953,884,Yes,654873,2953,7604.0,8376351657
"CRW_23S_B_F_46_nH.db",2924,876,Yes,909925,"CRW_23S_B_S_8_nH.db",2926,879,Yes,616871,2926,10104.0,11397844497
"CRW_23S_B_F_46_nH.db",2924,876,Yes,909925,"CRW_23S_B_T_36_nH.db",2917,867,Yes,644290,2924,7800.0,8157938441
"CRW_23S_B_F_46_nH.db",2924,876,Yes,909925,"CRW_23S_B_T_37_nH.db",2905,866,Yes,690411,2924,6404.0,11679546599
"CRW_23S_B_F_4_nH.db",2927,871,Yes,1013374,"CRW_23S_B_P_10_nH.db",2882,863,Yes,906707,2927,6400.0,7917201521
"CRW_23S_B_F_4_nH.db",2927,871,Yes,1013374,"CRW_23S_B_P_11_nH.db",2882,862,Yes,1553113,2927,6600.0,7880520659
"CRW_23S_B_F_4_nH.db",2927,871,Yes,1013374,"CRW_23S_B_P_12_nH.db",2907,872,Yes,1325265,2927,7400.0,11164338172
"CRW_23S_B_F_4_nH.db",2927,871,Yes,1013374,"CRW_23S_B_P_1_nH.db",2903,871,Yes,706135,2927,7200.0,7894527579
"CRW_23S_B_F_4_nH.db",2927,871,Yes,1013374,"CRW_23S_B_P_24_nH.db",2904,869,Yes,733609,2927,6000.0,7973092012
"CRW_23S_B_F_4_nH.db",2927,871,Yes,1013374,"CRW_23S_B_P_27_nH.db",2897,866,Yes,770733,2927,5400.0,11050732095
"CRW_23S_B_F_4_nH.db",2927,871,Yes,1013374,"CRW_23S_B_P_28_nH.db",2968,822,Yes,560931,2968,135000.0,7566198760
"CRW_23S_B_F_4_nH.db",2927,871,Yes,1013374,"CRW_23S_B_P_29_nH.db",2903,868,Yes,1276441,2927,6200.0,7880909497
"CRW_23S_B_F_4_nH.db",2927,871,Yes,1013374,"CRW_23S_B_P_2_nH.db",2895,868,Yes,754963,2927,7000.0,10924874860
"CRW_23S_B_F_4_nH.db",2927,871,Yes,1013374,"CRW_23S_B_P_38_nH.db",2890,865,Yes,709261,2927,7600.0,8043663486
"CRW_23S_B_F_4_nH.db",2927,871,Yes,1013374,"CRW_23S_B_P_39_nH.db",2890,865,Yes,718105,2927,7600.0,11213164288
"CRW_23S_B_F_4_nH.db",2927,871,Yes,1013374,"CRW_23S_B_P_40_nH.db",2893,857,Yes,731934,2927,8000.0,7808889676
"CRW_23S_B_F_4_nH.db",2927,871,Yes,1013374,"CRW_23S_B_P_41_nH.db",2893,867,Yes,848318,2927,6400.0,7852775045
"CRW_23S_B_F_4_nH.db",2927,871,Yes,1013374,"CRW_23S_B_P_43_nH.db",2759,815,Yes,627116,2927,15601.0,8237906890
"CRW_23S_B_F_4_nH.db",2927,871,Yes,1013374,"CRW_23S_B_P_44_nH.db",2867,856,Yes,704587,2927,8600.0,7945484153
"CRW_23S_B_F_4_nH.db",2927,871,Yes,1013374,"CRW_23S_B_P_5_nH.db",2821,836,Yes,1070884,2927,19000.0,7634204505
"CRW_23S_B_F_4_nH.db",2927,871,Yes,1013374,"CRW_23S_B_P_6_nH.db",2880,847,Yes,689705,2927,9200.0,11192133313
"CRW_23S_B_F_4_nH.db",2927,871,Yes,1013374,"CRW_23S_B_P_7_nH.db",3009,843,Yes,695010,3009,9600.0,7732423215
"CRW_23S_B_F_4_nH.db",2927,871,Yes,1013374,"CRW_23S_B_P_9_nH.db",2878,858,Yes,624046,2927,7800.0,7913554197
"CRW_23S_B_F_4_nH.db",2927,871,Yes,1013374,"CRW_23S_B_S_31_nH.db",2958,883,Yes,706242,2958,9100.0,11271080479
"CRW_23S_B_F_4_nH.db",2927,871,Yes,1013374,"CRW_23S_B_S_50_nH.db",2953,884,Yes,654873,2953,5800.0,8167151018
"CRW_23S_B_F_4_nH.db",2927,871,Yes,1013374,"CRW_23S_B_S_8_nH.db",2926,879,Yes,616871,2927,9900.0,11291990382
"CRW_23S_B_F_4_nH.db",2927,871,Yes,1013374,"CRW_23S_B_T_36_nH.db",2917,867,Yes,644290,2927,5204.0,11420162472
"CRW_23S_B_F_4_nH.db",2927,871,Yes,1013374,"CRW_23S_B_T_37_nH.db",2905,866,Yes,690411,2927,4200.0,7976051247
"CRW_23S_B_P_10_nH.db",2882,863,Yes,906707,"CRW_23S_B_P_11_nH.db",2882,862,Yes,1553113,2882,200.0,11335994490
"CRW_23S_B_P_10_nH.db",2882,863,Yes,906707,"CRW_23S_B_P_12_nH.db",2907,872,Yes,1325265,2907,6600.0,7960690832
"CRW_23S_B_P_10_nH.db",2882,863,Yes,906707,"CRW_23S_B_P_1_nH.db",2903,871,Yes,706135,2903,3600.0,7872265517
"CRW_23S_B_P_10_nH.db",2882,863,Yes,906707,"CRW_23S_B_P_24_nH.db",2904,869,Yes,733609,2904,3600.0,11061315833
"CRW_23S_B_P_10_nH.db",2882,863,Yes,906707,"CRW_23S_B_P_27_nH.db",2897,866,Yes,770733,2897,3400.0,7925571596
"CRW_23S_B_P_10_nH.db",2882,863,Yes,906707,"CRW_23S_B_P_28_nH.db",2968,822,Yes,560931,2968,135700.0,10772603770
"CRW_23S_B_P_10_nH.db",2882,863,Yes,906707,"CRW_23S_B_P_29_nH.db",2903,868,Yes,1276441,2903,3800.0,7947550300
"CRW_23S_B_P_10_nH.db",2882,863,Yes,906707,"CRW_23S_B_P_2_nH.db",2895,868,Yes,754963,2895,3800.0,7771041770
"CRW_23S_B_P_10_nH.db",2882,863,Yes,906707,"CRW_23S_B_P_38_nH.db",2890,865,Yes,709261,2890,2400.0,7681619776
"CRW_23S_B_P_10_nH.db",2882,863,Yes,906707,"CRW_23S_B_P_39_nH.db",2890,865,Yes,718105,2890,2400.0,8571139487
"CRW_23S_B_P_10_nH.db",2882,863,Yes,906707,"CRW_23S_B_P_40_nH.db",2893,857,Yes,731934,2893,5200.0,7976398249
"CRW_23S_B_P_10_nH.db",2882,863,Yes,906707,"CRW_23S_B_P_41_nH.db",2893,867,Yes,848318,2893,3200.0,11407655446
"CRW_23S_B_P_10_nH.db",2882,863,Yes,906707,"CRW_23S_B_P_43_nH.db",2759,815,Yes,627116,2882,13201.0,7291243566
"CRW_23S_B_P_10_nH.db",2882,863,Yes,906707,"CRW_23S_B_P_44_nH.db",2867,856,Yes,704587,2882,5000.0,7812945969
"CRW_23S_B_P_10_nH.db",2882,863,Yes,906707,"CRW_23S_B_P_5_nH.db",2821,836,Yes,1070884,2882,16600.0,8354775918
"CRW_23S_B_P_10_nH.db",2882,863,Yes,906707,"CRW_23S_B_P_6_nH.db",2880,847,Yes,689705,2882,4000.0,7826624274
"CRW_23S_B_P_10_nH.db",2882,863,Yes,906707,"CRW_23S_B_P_7_nH.db",3009,843,Yes,695010,3009,4800.0,7414671318
"CRW_23S_B_P_10_nH.db",2882,863,Yes,906707,"CRW_23S_B_P_9_nH.db",2878,858,Yes,624046,2882,1400.0,7657562235
"CRW_23S_B_P_10_nH.db",2882,863,Yes,906707,"CRW_23S_B_S_31_nH.db",2958,883,Yes,706242,2958,9600.0,7942249634
"CRW_23S_B_P_10_nH.db",2882,863,Yes,906707,"CRW_23S_B_S_50_nH.db",2953,884,Yes,654873,2953,7400.0,11119178020
"CRW_23S_B_P_10_nH.db",2882,863,Yes,906707,"CRW_23S_B_S_8_nH.db",2926,879,Yes,616871,2926,10800.0,7991409965
"CRW_23S_B_P_10_nH.db",2882,863,Yes,906707,"CRW_23S_B_T_36_nH.db",2917,867,Yes,644290,2917,6804.0,10824677014
"CRW_23S_B_P_10_nH.db",2882,863,Yes,906707,"CRW_23S_B_T_37_nH.db",2905,866,Yes,690411,2905,5800.0,7900963099
"CRW_23S_B_P_11_nH.db",2882,862,Yes,1553113,"CRW_23S_B_P_12_nH.db",2907,872,Yes,1325265,2907,6800.0,11220901999
"CRW_23S_B_P_11_nH.db",2882,862,Yes,1553113,"CRW_23S_B_P_1_nH.db",2903,871,Yes,706135,2903,3400.0,8100137808
"CRW_23S_B_P_11_nH.db",2882,862,Yes,1553113,"CRW_23S_B_P_24_nH.db",2904,869,Yes,733609,2904,3400.0,8791705423
"CRW_23S_B_P_11_nH.db",2882,862,Yes,1553113,"CRW_23S_B_P_27_nH.db",2897,866,Yes,770733,2897,3600.0,8122341403
"CRW_23S_B_P_11_nH.db",2882,862,Yes,1553113,"CRW_23S_B_P_28_nH.db",2968,822,Yes,560931,2968,135500.0,7270690700
"CRW_23S_B_P_11_nH.db",2882,862,Yes,1553113,"CRW_23S_B_P_29_nH.db",2903,868,Yes,1276441,2903,3600.0,7560732940
"CRW_23S_B_P_11_nH.db",2882,862,Yes,1553113,"CRW_23S_B_P_2_nH.db",2895,868,Yes,754963,2895,3600.0,7675419698
"CRW_23S_B_P_11_nH.db",2882,862,Yes,1553113,"CRW_23S_B_P_38_nH.db",2890,865,Yes,709261,2890,2200.0,7707417722
"CRW_23S_B_P_11_nH.db",2882,862,Yes,1553113,"CRW_23S_B_P_39_nH.db",2890,865,Yes,718105,2890,2200.0,8536154663
"CRW_23S_B_P_11_nH.db",2882,862,Yes,1553113,"CRW_23S_B_P_40_nH.db",2893,857,Yes,731934,2893,5000.0,8033945236
"CRW_23S_B_P_11_nH.db",2882,862,Yes,1553113,"CRW_23S_B_P_41_nH.db",2893,867,Yes,848318,2893,3000.0,11129462099
"CRW_23S_B_P_11_nH.db",2882,862,Yes,1553113,"CRW_23S_B_P_43_nH.db",2759,815,Yes,627116,2882,13001.0,7319481197
"CRW_23S_B_P_11_nH.db",2882,862,Yes,1553113,"CRW_23S_B_P_44_nH.db",2867,856,Yes,704587,2882,4800.0,7534196417
"CRW_23S_B_P_11_nH.db",2882,862,Yes,1553113,"CRW_23S_B_P_5_nH.db",2821,836,Yes,1070884,2882,16400.0,7433376739
"CRW_23S_B_P_11_nH.db",2882,862,Yes,1553113,"CRW_23S_B_P_6_nH.db",2880,847,Yes,689705,2882,4200.0,7616637928
"CRW_23S_B_P_11_nH.db",2882,862,Yes,1553113,"CRW_23S_B_P_7_nH.db",3009,843,Yes,695010,3009,4600.0,7329986817
"CRW_23S_B_P_11_nH.db",2882,862,Yes,1553113,"CRW_23S_B_P_9_nH.db",2878,858,Yes,624046,2882,1200.0,7463099472
"CRW_23S_B_P_11_nH.db",2882,862,Yes,1553113,"CRW_23S_B_S_31_nH.db",2958,883,Yes,706242,2958,9800.0,7711350123
"CRW_23S_B_P_11_nH.db",2882,862,Yes,1553113,"CRW_23S_B_S_50_nH.db",2953,884,Yes,654873,2953,7600.0,7882470944
"CRW_23S_B_P_11_nH.db",2882,862,Yes,1553113,"CRW_23S_B_S_8_nH.db",2926,879,Yes,616871,2926,11000.0,10883723656
"CRW_23S_B_P_11_nH.db",2882,862,Yes,1553113,"CRW_23S_B_T_36_nH.db",2917,867,Yes,644290,2917,7004.0,7850974467
"CRW_23S_B_P_11_nH.db",2882,862,Yes,1553113,"CRW_23S_B_T_37_nH.db",2905,866,Yes,690411,2905,6000.0,11173571741
"CRW_23S_B_P_12_nH.db",2907,872,Yes,1325265,"CRW_23S_B_P_1_nH.db",2903,871,Yes,706135,2907,7000.0,8149729241
"CRW_23S_B_P_12_nH.db",2907,872,Yes,1325265,"CRW_23S_B_P_24_nH.db",2904,869,Yes,733609,2907,7400.0,11019668149
"CRW_23S_B_P_12_nH.db",2907,872,Yes,1325265,"CRW_23S_B_P_27_nH.db",2897,866,Yes,770733,2907,6800.0,8044124468
"CRW_23S_B_P_12_nH.db",2907,872,Yes,1325265,"CRW_23S_B_P_28_nH.db",2968,822,Yes,560931,2968,135100.0,10705298932
"CRW_23S_B_P_12_nH.db",2907,872,Yes,1325265,"CRW_23S_B_P_29_nH.db",2903,868,Yes,1276441,2907,8000.0,8088688010
"CRW_23S_B_P_12_nH.db",2907,872,Yes,1325265,"CRW_23S_B_P_2_nH.db",2895,868,Yes,754963,2907,7600.0,8964028429
"CRW_23S_B_P_12_nH.db",2907,872,Yes,1325265,"CRW_23S_B_P_38_nH.db",2890,865,Yes,709261,2907,7400.0,8090173517
"CRW_23S_B_P_12_nH.db",2907,872,Yes,1325265,"CRW_23S_B_P_39_nH.db",2890,865,Yes,718105,2907,7400.0,7880002223
"CRW_23S_B_P_12_nH.db",2907,872,Yes,1325265,"CRW_23S_B_P_40_nH.db",2893,857,Yes,731934,2907,9000.0,11197419660
"CRW_23S_B_P_12_nH.db",2907,872,Yes,1325265,"CRW_23S_B_P_41_nH.db",2893,867,Yes,848318,2907,7000.0,8088228412
"CRW_23S_B_P_12_nH.db",2907,872,Yes,1325265,"CRW_23S_B_P_43_nH.db",2759,815,Yes,627116,2907,15401.0,8342119600
"CRW_23S_B_P_12_nH.db",2907,872,Yes,1325265,"CRW_23S_B_P_44_nH.db",2867,856,Yes,704587,2907,6400.0,8399311823
"CRW_23S_B_P_12_nH.db",2907,872,Yes,1325265,"CRW_23S_B_P_5_nH.db",2821,836,Yes,1070884,2907,19200.0,10932337608
"CRW_23S_B_P_12_nH.db",2907,872,Yes,1325265,"CRW_23S_B_P_6_nH.db",2880,847,Yes,689705,2907,9800.0,7825346952
"CRW_23S_B_P_12_nH.db",2907,872,Yes,1325265,"CRW_23S_B_P_7_nH.db",3009,843,Yes,695010,3009,9800.0,8524108955
"CRW_23S_B_P_12_nH.db",2907,872,Yes,1325265,"CRW_23S_B_P_9_nH.db",2878,858,Yes,624046,2907,8000.0,8139975044
"CRW_23S_B_P_12_nH.db",2907,872,Yes,1325265,"CRW_23S_B_S_31_nH.db",2958,883,Yes,706242,2958,7000.0,11433664633
"CRW_23S_B_P_12_nH.db",2907,872,Yes,1325265,"CRW_23S_B_S_50_nH.db",2953,884,Yes,654873,2953,9200.0,8254225196
"CRW_23S_B_P_12_nH.db",2907,872,Yes,1325265,"CRW_23S_B_S_8_nH.db",2926,879,Yes,616871,2926,8600.0,11181619942
"CRW_23S_B_P_12_nH.db",2907,872,Yes,1325265,"CRW_23S_B_T_36_nH.db",2917,867,Yes,644290,2917,7804.0,8020257173
"CRW_23S_B_P_12_nH.db",2907,872,Yes,1325265,"CRW_23S_B_T_37_nH.db",2905,866,Yes,690411,2907,6400.0,11587134854
"CRW_23S_B_P_1_nH.db",2903,871,Yes,706135,"CRW_23S_B_P_24_nH.db",2904,869,Yes,733609,2904,2400.0,8101609401
"CRW_23S_B_P_1_nH.db",2903,871,Yes,706135,"CRW_23S_B_P_27_nH.db",2897,866,Yes,770733,2903,3400.0,8771785808
"CRW_23S_B_P_1_nH.db",2903,871,Yes,706135,"CRW_23S_B_P_28_nH.db",2968,822,Yes,560931,2968,137500.0,7715425907
"CRW_23S_B_P_1_nH.db",2903,871,Yes,706135,"CRW_23S_B_P_29_nH.db",2903,868,Yes,1276441,2903,2600.0,7806550048
"CRW_23S_B_P_1_nH.db",2903,871,Yes,706135,"CRW_23S_B_P_2_nH.db",2895,868,Yes,754963,2903,1000.0,7978023790
"CRW_23S_B_P_1_nH.db",2903,871,Yes,706135,"CRW_23S_B_P_38_nH.db",2890,865,Yes,709261,2903,2000.0,11110768780
"CRW_23S_B_P_1_nH.db",2903,871,Yes,706135,"CRW_23S_B_P_39_nH.db",2890,865,Yes,718105,2903,2000.0,7937018081
"CRW_23S_B_P_1_nH.db",2903,871,Yes,706135,"CRW_23S_B_P_40_nH.db",2893,857,Yes,731934,2903,3600.0,10943650829
"CRW_23S_B_P_1_nH.db",2903,871,Yes,706135,"CRW_23S_B_P_41_nH.db",2893,867,Yes,848318,2903,1600.0,7964911038
"CRW_23S_B_P_1_nH.db",2903,871,Yes,706135,"CRW_23S_B_P_43_nH.db",2759,815,Yes,627116,2903,13601.0,11051750647
"CRW_23S_B_P_1_nH.db",2903,871,Yes,706135,"CRW_23S_B_P_44_nH.db",2867,856,Yes,704587,2903,3400.0,8142824778
"CRW_23S_B_P_1_nH.db",2903,871,Yes,706135,"CRW_23S_B_P_5_nH.db",2821,836,Yes,1070884,2903,16600.0,10928388965
"CRW_23S_B_P_1_nH.db",2903,871,Yes,706135,"CRW_23S_B_P_6_nH.db",2880,847,Yes,689705,2903,6800.0,7917438593
"CRW_23S_B_P_1_nH.db",2903,871,Yes,706135,"CRW_23S_B_P_7_nH.db",3009,843,Yes,695010,3009,6800.0,7522113698
"CRW_23S_B_P_1_nH.db",2903,871,Yes,706135,"CRW_23S_B_P_9_nH.db",2878,858,Yes,624046,2903,4200.0,7794115883
"CRW_23S_B_P_1_nH.db",2903,871,Yes,706135,"CRW_23S_B_S_31_nH.db",2958,883,Yes,706242,2958,9600.0,11109688991
"CRW_23S_B_P_1_nH.db",2903,871,Yes,706135,"CRW_23S_B_S_50_nH.db",2953,884,Yes,654873,2953,7800.0,8214779171
"CRW_23S_B_P_1_nH.db",2903,871,Yes,706135,"CRW_23S_B_S_8_nH.db",2926,879,Yes,616871,2926,11600.0,11360759348
"CRW_23S_B_P_1_nH.db",2903,871,Yes,706135,"CRW_23S_B_T_36_nH.db",2917,867,Yes,644290,2917,7204.0,11522404633
"CRW_23S_B_P_1_nH.db",2903,871,Yes,706135,"CRW_23S_B_T_37_nH.db",2905,866,Yes,690411,2905,6200.0,7845620787
"CRW_23S_B_P_24_nH.db",2904,869,Yes,733609,"CRW_23S_B_P_27_nH.db",2897,866,Yes,770733,2904,1800.0,7965344341
"CRW_23S_B_P_24_nH.db",2904,869,Yes,733609,"CRW_23S_B_P_28_nH.db",2968,822,Yes,560931,2968,136600.0,10861155600
"CRW_23S_B_P_24_nH.db",2904,869,Yes,733609,"CRW_23S_B_P_29_nH.db",2903,868,Yes,1276441,2904,600.0,7936552539
"CRW_23S_B_P_24_nH.db",2904,869,Yes,733609,"CRW_23S_B_P_2_nH.db",2895,868,Yes,754963,2904,2600.0,7801566515
"CRW_23S_B_P_24_nH.db",2904,869,Yes,733609,"CRW_23S_B_P_38_nH.db",2890,865,Yes,709261,2904,2800.0,7677250956
"CRW_23S_B_P_24_nH.db",2904,869,Yes,733609,"CRW_23S_B_P_39_nH.db",2890,865,Yes,718105,2904,2800.0,7750666335
"CRW_23S_B_P_24_nH.db",2904,869,Yes,733609,"CRW_23S_B_P_40_nH.db",2893,857,Yes,731934,2904,3200.0,7768482772
"CRW_23S_B_P_24_nH.db",2904,869,Yes,733609,"CRW_23S_B_P_41_nH.db",2893,867,Yes,848318,2904,2000.0,11164499428
"CRW_23S_B_P_24_nH.db",2904,869,Yes,733609,"CRW_23S_B_P_43_nH.db",2759,815,Yes,627116,2904,12401.0,7403866760
"CRW_23S_B_P_24_nH.db",2904,869,Yes,733609,"CRW_23S_B_P_44_nH.db",2867,856,Yes,704587,2904,5400.0,7612371612
"CRW_23S_B_P_24_nH.db",2904,869,Yes,733609,"CRW_23S_B_P_5_nH.db",2821,836,Yes,1070884,2904,15400.0,7361908443
"CRW_23S_B_P_24_nH.db",2904,869,Yes,733609,"CRW_23S_B_P_6_nH.db",2880,847,Yes,689705,2904,6000.0,7645326022
"CRW_23S_B_P_24_nH.db",2904,869,Yes,733609,"CRW_23S_B_P_7_nH.db",3009,843,Yes,695010,3009,6000.0,11058500087
"CRW_23S_B_P_24_nH.db",2904,869,Yes,733609,"CRW_23S_B_P_9_nH.db",2878,858,Yes,624046,2904,3800.0,7763403047
"CRW_23S_B_P_24_nH.db",2904,869,Yes,733609,"CRW_23S_B_S_31_nH.db",2958,883,Yes,706242,2958,10800.0,7872089293
"CRW_23S_B_P_24_nH.db",2904,869,Yes,733609,"CRW_23S_B_S_50_nH.db",2953,884,Yes,654873,2953,6600.0,7959825669
"CRW_23S_B_P_24_nH.db",2904,869,Yes,733609,"CRW_23S_B_S_8_nH.db",2926,879,Yes,616871,2926,10400.0,11333870852
"CRW_23S_B_P_24_nH.db",2904,869,Yes,733609,"CRW_23S_B_T_36_nH.db",2917,867,Yes,644290,2917,6004.0,7873720713
"CRW_23S_B_P_24_nH.db",2904,869,Yes,733609,"CRW_23S_B_T_37_nH.db",2905,866,Yes,690411,2905,5400.0,7862515494
"CRW_23S_B_P_27_nH.db",2897,866,Yes,770733,"CRW_23S_B_P_28_nH.db",2968,822,Yes,560931,2968,135900.0,8217864146
"CRW_23S_B_P_27_nH.db",2897,866,Yes,770733,"CRW_23S_B_P_29_nH.db",2903,868,Yes,1276441,2903,2000.0,7951251671
"CRW_23S_B_P_27_nH.db",2897,866,Yes,770733,"CRW_23S_B_P_2_nH.db",2895,868,Yes,754963,2897,3200.0,7912886678
"CRW_23S_B_P_27_nH.db",2897,866,Yes,770733,"CRW_23S_B_P_38_nH.db",2890,865,Yes,709261,2897,4200.0,11152239410
"CRW_23S_B_P_27_nH.db",2897,866,Yes,770733,"CRW_23S_B_P_39_nH.db",2890,865,Yes,718105,2897,4200.0,7941384686
"CRW_23S_B_P_27_nH.db",2897,866,Yes,770733,"CRW_23S_B_P_40_nH.db",2893,857,Yes,731934,2897,3800.0,7705316979
"CRW_23S_B_P_27_nH.db",2897,866,Yes,770733,"CRW_23S_B_P_41_nH.db",2893,867,Yes,848318,2897,2600.0,11202430548
"CRW_23S_B_P_27_nH.db",2897,866,Yes,770733,"CRW_23S_B_P_43_nH.db",2759,815,Yes,627116,2897,11801.0,7349728074
"CRW_23S_B_P_27_nH.db",2897,866,Yes,770733,"CRW_23S_B_P_44_nH.db",2867,856,Yes,704587,2897,5600.0,7514643072
"CRW_23S_B_P_27_nH.db",2897,866,Yes,770733,"CRW_23S_B_P_5_nH.db",2821,836,Yes,1070884,2897,14800.0,7370644443
"CRW_23S_B_P_27_nH.db",2897,866,Yes,770733,"CRW_23S_B_P_6_nH.db",2880,847,Yes,689705,2897,5400.0,7644547712
"CRW_23S_B_P_27_nH.db",2897,866,Yes,770733,"CRW_23S_B_P_7_nH.db",3009,843,Yes,695010,3009,5400.0,11039630827
"CRW_23S_B_P_27_nH.db",2897,866,Yes,770733,"CRW_23S_B_P_9_nH.db",2878,858,Yes,624046,2897,4800.0,7787062651
"CRW_23S_B_P_27_nH.db",2897,866,Yes,770733,"CRW_23S_B_S_31_nH.db",2958,883,Yes,706242,2958,9800.0,7989202092
"CRW_23S_B_P_27_nH.db",2897,866,Yes,770733,"CRW_23S_B_S_50_nH.db",2953,884,Yes,654873,2953,6800.0,11097640432
"CRW_23S_B_P_27_nH.db",2897,866,Yes,770733,"CRW_23S_B_S_8_nH.db",2926,879,Yes,616871,2926,9800.0,8027682363
"CRW_23S_B_P_27_nH.db",2897,866,Yes,770733,"CRW_23S_B_T_36_nH.db",2917,867,Yes,644290,2917,5804.0,11177317565
"CRW_23S_B_P_27_nH.db",2897,866,Yes,770733,"CRW_23S_B_T_37_nH.db",2905,866,Yes,690411,2905,4800.0,7831117464
"CRW_23S_B_P_28_nH.db",2968,822,Yes,560931,"CRW_23S_B_P_29_nH.db",2903,868,Yes,1276441,2968,136800.0,7384376485
"CRW_23S_B_P_28_nH.db",2968,822,Yes,560931,"CRW_23S_B_P_2_nH.db",2895,868,Yes,754963,2968,137600.0,7372929889
"CRW_23S_B_P_28_nH.db",2968,822,Yes,560931,"CRW_23S_B_P_38_nH.db",2890,865,Yes,709261,2968,136600.0,7285695398
"CRW_23S_B_P_28_nH.db",2968,822,Yes,560931,"CRW_23S_B_P_39_nH.db",2890,865,Yes,718105,2968,136600.0,7278058017
"CRW_23S_B_P_28_nH.db",2968,822,Yes,560931,"CRW_23S_B_P_40_nH.db",2893,857,Yes,731934,2968,137800.0,7192063413
"CRW_23S_B_P_28_nH.db",2968,822,Yes,560931,"CRW_23S_B_P_41_nH.db",2893,867,Yes,848318,2968,136600.0,7303567313
"CRW_23S_B_P_28_nH.db",2968,822,Yes,560931,"CRW_23S_B_P_43_nH.db",2759,815,Yes,627116,2968,129800.0,6734491856
"CRW_23S_B_P_28_nH.db",2968,822,Yes,560931,"CRW_23S_B_P_44_nH.db",2867,856,Yes,704587,2968,136300.0,7249217039
"CRW_23S_B_P_28_nH.db",2968,822,Yes,560931,"CRW_23S_B_P_5_nH.db",2821,836,Yes,1070884,2968,131600.0,7124559928
"CRW_23S_B_P_28_nH.db",2968,822,Yes,560931,"CRW_23S_B_P_6_nH.db",2880,847,Yes,689705,2968,136300.0,6954361254
"CRW_23S_B_P_28_nH.db",2968,822,Yes,560931,"CRW_23S_B_P_7_nH.db",3009,843,Yes,695010,3009,136600.0,7122854546
"CRW_23S_B_P_28_nH.db",2968,822,Yes,560931,"CRW_23S_B_P_9_nH.db",2878,858,Yes,624046,2968,135200.0,7375645194
"CRW_23S_B_P_28_nH.db",2968,822,Yes,560931,"CRW_23S_B_S_31_nH.db",2958,883,Yes,706242,2968,138100.0,7331952154
"CRW_23S_B_P_28_nH.db",2968,822,Yes,560931,"CRW_23S_B_S_50_nH.db",2953,884,Yes,654873,2968,137200.0,7250509031
"CRW_23S_B_P_28_nH.db",2968,822,Yes,560931,"CRW_23S_B_S_8_nH.db",2926,879,Yes,616871,2968,135000.0,7262163700
"CRW_23S_B_P_28_nH.db",2968,822,Yes,560931,"CRW_23S_B_T_36_nH.db",2917,867,Yes,644290,2968,133800.0,7235471019
"CRW_23S_B_P_28_nH.db",2968,822,Yes,560931,"CRW_23S_B_T_37_nH.db",2905,866,Yes,690411,2968,133300.0,7183270976
"CRW_23S_B_P_29_nH.db",2903,868,Yes,1276441,"CRW_23S_B_P_2_nH.db",2895,868,Yes,754963,2903,2400.0,7819944346
"CRW_23S_B_P_29_nH.db",2903,868,Yes,1276441,"CRW_23S_B_P_38_nH.db",2890,865,Yes,709261,2903,3000.0,11067693328
"CRW_23S_B_P_29_nH.db",2903,868,Yes,1276441,"CRW_23S_B_P_39_nH.db",2890,865,Yes,718105,2903,3000.0,7707517325
"CRW_23S_B_P_29_nH.db",2903,868,Yes,1276441,"CRW_23S_B_P_40_nH.db",2893,857,Yes,731934,2903,3000.0,7705523133
"CRW_23S_B_P_29_nH.db",2903,868,Yes,1276441,"CRW_23S_B_P_41_nH.db",2893,867,Yes,848318,2903,2200.0,11048339275
"CRW_23S_B_P_29_nH.db",2903,868,Yes,1276441,"CRW_23S_B_P_43_nH.db",2759,815,Yes,627116,2903,12601.0,7350236770
"CRW_23S_B_P_29_nH.db",2903,868,Yes,1276441,"CRW_23S_B_P_44_nH.db",2867,856,Yes,704587,2903,5600.0,7639598949
"CRW_23S_B_P_29_nH.db",2903,868,Yes,1276441,"CRW_23S_B_P_5_nH.db",2821,836,Yes,1070884,2903,15600.0,8433626406
"CRW_23S_B_P_29_nH.db",2903,868,Yes,1276441,"CRW_23S_B_P_6_nH.db",2880,847,Yes,689705,2903,6200.0,7865593241
"CRW_23S_B_P_29_nH.db",2903,868,Yes,1276441,"CRW_23S_B_P_7_nH.db",3009,843,Yes,695010,3009,5800.0,7583804524
"CRW_23S_B_P_29_nH.db",2903,868,Yes,1276441,"CRW_23S_B_P_9_nH.db",2878,858,Yes,624046,2903,4000.0,7490424952
"CRW_23S_B_P_29_nH.db",2903,868,Yes,1276441,"CRW_23S_B_S_31_nH.db",2958,883,Yes,706242,2958,10600.0,7873309352
"CRW_23S_B_P_29_nH.db",2903,868,Yes,1276441,"CRW_23S_B_S_50_nH.db",2953,884,Yes,654873,2953,6400.0,11411567141
"CRW_23S_B_P_29_nH.db",2903,868,Yes,1276441,"CRW_23S_B_S_8_nH.db",2926,879,Yes,616871,2926,11000.0,7993945908
"CRW_23S_B_P_29_nH.db",2903,868,Yes,1276441,"CRW_23S_B_T_36_nH.db",2917,867,Yes,644290,2917,5804.0,11113407116
"CRW_23S_B_P_29_nH.db",2903,868,Yes,1276441,"CRW_23S_B_T_37_nH.db",2905,866,Yes,690411,2905,5600.0,7960280260
"CRW_23S_B_P_2_nH.db",2895,868,Yes,754963,"CRW_23S_B_P_38_nH.db",2890,865,Yes,709261,2895,2200.0,11039541528
"CRW_23S_B_P_2_nH.db",2895,868,Yes,754963,"CRW_23S_B_P_39_nH.db",2890,865,Yes,718105,2895,2200.0,7860643739
"CRW_23S_B_P_2_nH.db",2895,868,Yes,754963,"CRW_23S_B_P_40_nH.db",2893,857,Yes,731934,2895,3400.0,7855254904
"CRW_23S_B_P_2_nH.db",2895,868,Yes,754963,"CRW_23S_B_P_41_nH.db",2893,867,Yes,848318,2895,2200.0,8689057281
"CRW_23S_B_P_2_nH.db",2895,868,Yes,754963,"CRW_23S_B_P_43_nH.db",2759,815,Yes,627116,2895,13001.0,7319258755
"CRW_23S_B_P_2_nH.db",2895,868,Yes,754963,"CRW_23S_B_P_44_nH.db",2867,856,Yes,704587,2895,3200.0,7792823996
"CRW_23S_B_P_2_nH.db",2895,868,Yes,754963,"CRW_23S_B_P_5_nH.db",2821,836,Yes,1070884,2895,16000.0,10767836173
"CRW_23S_B_P_2_nH.db",2895,868,Yes,754963,"CRW_23S_B_P_6_nH.db",2880,847,Yes,689705,2895,7000.0,7689308815
"CRW_23S_B_P_2_nH.db",2895,868,Yes,754963,"CRW_23S_B_P_7_nH.db",3009,843,Yes,695010,3009,6600.0,7449608099
"CRW_23S_B_P_2_nH.db",2895,868,Yes,754963,"CRW_23S_B_P_9_nH.db",2878,858,Yes,624046,2895,4400.0,7755176527
"CRW_23S_B_P_2_nH.db",2895,868,Yes,754963,"CRW_23S_B_S_31_nH.db",2958,883,Yes,706242,2958,9800.0,11475341157
"CRW_23S_B_P_2_nH.db",2895,868,Yes,754963,"CRW_23S_B_S_50_nH.db",2953,884,Yes,654873,2953,8000.0,7851931870
"CRW_23S_B_P_2_nH.db",2895,868,Yes,754963,"CRW_23S_B_S_8_nH.db",2926,879,Yes,616871,2926,12200.0,7872241451
"CRW_23S_B_P_2_nH.db",2895,868,Yes,754963,"CRW_23S_B_T_36_nH.db",2917,867,Yes,644290,2917,7404.0,7839369305
"CRW_23S_B_P_2_nH.db",2895,868,Yes,754963,"CRW_23S_B_T_37_nH.db",2905,866,Yes,690411,2905,6800.0,11095950274
"CRW_23S_B_P_38_nH.db",2890,865,Yes,709261,"CRW_23S_B_P_39_nH.db",2890,865,Yes,718105,2890,0.0,7690862908
"CRW_23S_B_P_38_nH.db",2890,865,Yes,709261,"CRW_23S_B_P_40_nH.db",2893,857,Yes,731934,2893,4400.0,7709729738
"CRW_23S_B_P_38_nH.db",2890,865,Yes,709261,"CRW_23S_B_P_41_nH.db",2893,867,Yes,848318,2893,2400.0,7601713278
"CRW_23S_B_P_38_nH.db",2890,865,Yes,709261,"CRW_23S_B_P_43_nH.db",2759,815,Yes,627116,2890,13201.0,10583699731
"CRW_23S_B_P_38_nH.db",2890,865,Yes,709261,"CRW_23S_B_P_44_nH.db",2867,856,Yes,704587,2890,4200.0,7922647907
"CRW_23S_B_P_38_nH.db",2890,865,Yes,709261,"CRW_23S_B_P_5_nH.db",2821,836,Yes,1070884,2890,16600.0,10750422420
"CRW_23S_B_P_38_nH.db",2890,865,Yes,709261,"CRW_23S_B_P_6_nH.db",2880,847,Yes,689705,2890,6400.0,7894073562
"CRW_23S_B_P_38_nH.db",2890,865,Yes,709261,"CRW_23S_B_P_7_nH.db",3009,843,Yes,695010,3009,6400.0,7478004343
"CRW_23S_B_P_38_nH.db",2890,865,Yes,709261,"CRW_23S_B_P_9_nH.db",2878,858,Yes,624046,2890,2600.0,7684256289
"CRW_23S_B_P_38_nH.db",2890,865,Yes,709261,"CRW_23S_B_S_31_nH.db",2958,883,Yes,706242,2958,10400.0,7739834477
"CRW_23S_B_P_38_nH.db",2890,865,Yes,709261,"CRW_23S_B_S_50_nH.db",2953,884,Yes,654873,2953,9000.0,8051787901
"CRW_23S_B_P_38_nH.db",2890,865,Yes,709261,"CRW_23S_B_S_8_nH.db",2926,879,Yes,616871,2926,12400.0,11114785019
"CRW_23S_B_P_38_nH.db",2890,865,Yes,709261,"CRW_23S_B_T_36_nH.db",2917,867,Yes,644290,2917,7604.0,7896384327
"CRW_23S_B_P_38_nH.db",2890,865,Yes,709261,"CRW_23S_B_T_37_nH.db",2905,866,Yes,690411,2905,7000.0,11151348586
"CRW_23S_B_P_39_nH.db",2890,865,Yes,718105,"CRW_23S_B_P_40_nH.db",2893,857,Yes,731934,2893,4400.0,7801326253
"CRW_23S_B_P_39_nH.db",2890,865,Yes,718105,"CRW_23S_B_P_41_nH.db",2893,867,Yes,848318,2893,2400.0,7640055596
"CRW_23S_B_P_39_nH.db",2890,865,Yes,718105,"CRW_23S_B_P_43_nH.db",2759,815,Yes,627116,2890,13201.0,7263550244
"CRW_23S_B_P_39_nH.db",2890,865,Yes,718105,"CRW_23S_B_P_44_nH.db",2867,856,Yes,704587,2890,4200.0,7697687235
"CRW_23S_B_P_39_nH.db",2890,865,Yes,718105,"CRW_23S_B_P_5_nH.db",2821,836,Yes,1070884,2890,16600.0,7476489993
"CRW_23S_B_P_39_nH.db",2890,865,Yes,718105,"CRW_23S_B_P_6_nH.db",2880,847,Yes,689705,2890,6400.0,7468290555
"CRW_23S_B_P_39_nH.db",2890,865,Yes,718105,"CRW_23S_B_P_7_nH.db",3009,843,Yes,695010,3009,6400.0,7287661635
"CRW_23S_B_P_39_nH.db",2890,865,Yes,718105,"CRW_23S_B_P_9_nH.db",2878,858,Yes,624046,2890,2600.0,7728874610
"CRW_23S_B_P_39_nH.db",2890,865,Yes,718105,"CRW_23S_B_S_31_nH.db",2958,883,Yes,706242,2958,10400.0,8693377353
"CRW_23S_B_P_39_nH.db",2890,865,Yes,718105,"CRW_23S_B_S_50_nH.db",2953,884,Yes,654873,2953,9000.0,7769190230
"CRW_23S_B_P_39_nH.db",2890,865,Yes,718105,"CRW_23S_B_S_8_nH.db",2926,879,Yes,616871,2926,12400.0,7711059887
"CRW_23S_B_P_39_nH.db",2890,865,Yes,718105,"CRW_23S_B_T_36_nH.db",2917,867,Yes,644290,2917,7604.0,7755662755
"CRW_23S_B_P_39_nH.db",2890,865,Yes,718105,"CRW_23S_B_T_37_nH.db",2905,866,Yes,690411,2905,7000.0,11097508252
"CRW_23S_B_P_40_nH.db",2893,857,Yes,731934,"CRW_23S_B_P_41_nH.db",2893,867,Yes,848318,2893,3200.0,7686390758
"CRW_23S_B_P_40_nH.db",2893,857,Yes,731934,"CRW_23S_B_P_43_nH.db",2759,815,Yes,627116,2893,14001.0,7188987303
"CRW_23S_B_P_40_nH.db",2893,857,Yes,731934,"CRW_23S_B_P_44_nH.db",2867,856,Yes,704587,2893,6200.0,7416958052
"CRW_23S_B_P_40_nH.db",2893,857,Yes,731934,"CRW_23S_B_P_5_nH.db",2821,836,Yes,1070884,2893,17000.0,7285464435
"CRW_23S_B_P_40_nH.db",2893,857,Yes,731934,"CRW_23S_B_P_6_nH.db",2880,847,Yes,689705,2893,7600.0,7327148811
"CRW_23S_B_P_40_nH.db",2893,857,Yes,731934,"CRW_23S_B_P_7_nH.db",3009,843,Yes,695010,3009,6832.0,7459396269
"CRW_23S_B_P_40_nH.db",2893,857,Yes,731934,"CRW_23S_B_P_9_nH.db",2878,858,Yes,624046,2893,5800.0,7443930578
"CRW_23S_B_P_40_nH.db",2893,857,Yes,731934,"CRW_23S_B_S_31_nH.db",2958,883,Yes,706242,2958,12000.0,7691746110
"CRW_23S_B_P_40_nH.db",2893,857,Yes,731934,"CRW_23S_B_S_50_nH.db",2953,884,Yes,654873,2953,9000.0,8673237058
"CRW_23S_B_P_40_nH.db",2893,857,Yes,731934,"CRW_23S_B_S_8_nH.db",2926,879,Yes,616871,2926,12800.0,8090294933
"CRW_23S_B_P_40_nH.db",2893,857,Yes,731934,"CRW_23S_B_T_36_nH.db",2917,867,Yes,644290,2917,8404.0,11183575402
"CRW_23S_B_P_40_nH.db",2893,857,Yes,731934,"CRW_23S_B_T_37_nH.db",2905,866,Yes,690411,2905,7400.0,7873602369
"CRW_23S_B_P_41_nH.db",2893,867,Yes,848318,"CRW_23S_B_P_43_nH.db",2759,815,Yes,627116,2893,12801.0,7274057304
"CRW_23S_B_P_41_nH.db",2893,867,Yes,848318,"CRW_23S_B_P_44_nH.db",2867,856,Yes,704587,2893,3800.0,7555019060
"CRW_23S_B_P_41_nH.db",2893,867,Yes,848318,"CRW_23S_B_P_5_nH.db",2821,836,Yes,1070884,2893,15800.0,7403544009
"CRW_23S_B_P_41_nH.db",2893,867,Yes,848318,"CRW_23S_B_P_6_nH.db",2880,847,Yes,689705,2893,6000.0,7645943495
"CRW_23S_B_P_41_nH.db",2893,867,Yes,848318,"CRW_23S_B_P_7_nH.db",3009,843,Yes,695010,3009,6000.0,10994051472
"CRW_23S_B_P_41_nH.db",2893,867,Yes,848318,"CRW_23S_B_P_9_nH.db",2878,858,Yes,624046,2893,3800.0,7800140976
"CRW_23S_B_P_41_nH.db",2893,867,Yes,848318,"CRW_23S_B_S_31_nH.db",2958,883,Yes,706242,2958,9200.0,7918517310
"CRW_23S_B_P_41_nH.db",2893,867,Yes,848318,"CRW_23S_B_S_50_nH.db",2953,884,Yes,654873,2953,7000.0,9086254184
"CRW_23S_B_P_41_nH.db",2893,867,Yes,848318,"CRW_23S_B_S_8_nH.db",2926,879,Yes,616871,2926,10800.0,8095386793
"CRW_23S_B_P_41_nH.db",2893,867,Yes,848318,"CRW_23S_B_T_36_nH.db",2917,867,Yes,644290,2917,6804.0,11059889169
"CRW_23S_B_P_41_nH.db",2893,867,Yes,848318,"CRW_23S_B_T_37_nH.db",2905,866,Yes,690411,2905,5800.0,7923449247
"CRW_23S_B_P_43_nH.db",2759,815,Yes,627116,"CRW_23S_B_P_44_nH.db",2867,856,Yes,704587,2867,13801.0,10534306907
"CRW_23S_B_P_43_nH.db",2759,815,Yes,627116,"CRW_23S_B_P_5_nH.db",2821,836,Yes,1070884,2821,7001.0,7347893758
"CRW_23S_B_P_43_nH.db",2759,815,Yes,627116,"CRW_23S_B_P_6_nH.db",2880,847,Yes,689705,2880,14400.0,7104246082
"CRW_23S_B_P_43_nH.db",2759,815,Yes,627116,"CRW_23S_B_P_7_nH.db",3009,843,Yes,695010,3009,14001.0,7232513997
"CRW_23S_B_P_43_nH.db",2759,815,Yes,627116,"CRW_23S_B_P_9_nH.db",2878,858,Yes,624046,2878,13401.0,7089422933
"CRW_23S_B_P_43_nH.db",2759,815,Yes,627116,"CRW_23S_B_S_31_nH.db",2958,883,Yes,706242,2958,20401.0,7481891900
"CRW_23S_B_P_43_nH.db",2759,815,Yes,627116,"CRW_23S_B_S_50_nH.db",2953,884,Yes,654873,2953,17001.0,7452968492
"CRW_23S_B_P_43_nH.db",2759,815,Yes,627116,"CRW_23S_B_S_8_nH.db",2926,879,Yes,616871,2926,17601.0,7261115331
"CRW_23S_B_P_43_nH.db",2759,815,Yes,627116,"CRW_23S_B_T_36_nH.db",2917,867,Yes,644290,2917,16005.0,7183534723
"CRW_23S_B_P_43_nH.db",2759,815,Yes,627116,"CRW_23S_B_T_37_nH.db",2905,866,Yes,690411,2905,15401.0,7195756311
"CRW_23S_B_P_44_nH.db",2867,856,Yes,704587,"CRW_23S_B_P_5_nH.db",2821,836,Yes,1070884,2867,16800.0,7165982953
"CRW_23S_B_P_44_nH.db",2867,856,Yes,704587,"CRW_23S_B_P_6_nH.db",2880,847,Yes,689705,2880,8200.0,7611039101
"CRW_23S_B_P_44_nH.db",2867,856,Yes,704587,"CRW_23S_B_P_7_nH.db",3009,843,Yes,695010,3009,7800.0,7299800894
"CRW_23S_B_P_44_nH.db",2867,856,Yes,704587,"CRW_23S_B_P_9_nH.db",2878,858,Yes,624046,2878,5200.0,7300978312
"CRW_23S_B_P_44_nH.db",2867,856,Yes,704587,"CRW_23S_B_S_31_nH.db",2958,883,Yes,706242,2958,7800.0,7778441331
"CRW_23S_B_P_44_nH.db",2867,856,Yes,704587,"CRW_23S_B_S_50_nH.db",2953,884,Yes,654873,2953,9600.0,10878483924
"CRW_23S_B_P_44_nH.db",2867,856,Yes,704587,"CRW_23S_B_S_8_nH.db",2926,879,Yes,616871,2926,12600.0,7935241623
"CRW_23S_B_P_44_nH.db",2867,856,Yes,704587,"CRW_23S_B_T_36_nH.db",2917,867,Yes,644290,2917,9404.0,11143681444
"CRW_23S_B_P_44_nH.db",2867,856,Yes,704587,"CRW_23S_B_T_37_nH.db",2905,866,Yes,690411,2905,8400.0,7749222377
"CRW_23S_B_P_5_nH.db",2821,836,Yes,1070884,"CRW_23S_B_P_6_nH.db",2880,847,Yes,689705,2880,18200.0,7311407079
"CRW_23S_B_P_5_nH.db",2821,836,Yes,1070884,"CRW_23S_B_P_7_nH.db",3009,843,Yes,695010,3009,17400.0,7197228421
"CRW_23S_B_P_5_nH.db",2821,836,Yes,1070884,"CRW_23S_B_P_9_nH.db",2878,858,Yes,624046,2878,16800.0,7295889567
"CRW_23S_B_P_5_nH.db",2821,836,Yes,1070884,"CRW_23S_B_S_31_nH.db",2958,883,Yes,706242,2958,23800.0,7403718936
"CRW_23S_B_P_5_nH.db",2821,836,Yes,1070884,"CRW_23S_B_S_50_nH.db",2953,884,Yes,654873,2953,20400.0,7652741525
"CRW_23S_B_P_5_nH.db",2821,836,Yes,1070884,"CRW_23S_B_S_8_nH.db",2926,879,Yes,616871,2926,21000.0,8337370016
"CRW_23S_B_P_5_nH.db",2821,836,Yes,1070884,"CRW_23S_B_T_36_nH.db",2917,867,Yes,644290,2917,19004.0,7655777423
"CRW_23S_B_P_5_nH.db",2821,836,Yes,1070884,"CRW_23S_B_T_37_nH.db",2905,866,Yes,690411,2905,18400.0,7501703079
"CRW_23S_B_P_6_nH.db",2880,847,Yes,689705,"CRW_23S_B_P_7_nH.db",3009,843,Yes,695010,3009,1600.0,10931129273
"CRW_23S_B_P_6_nH.db",2880,847,Yes,689705,"CRW_23S_B_P_9_nH.db",2878,858,Yes,624046,2880,4200.0,7740203729
"CRW_23S_B_P_6_nH.db",2880,847,Yes,689705,"CRW_23S_B_S_31_nH.db",2958,883,Yes,706242,2958,12400.0,7691053396
"CRW_23S_B_P_6_nH.db",2880,847,Yes,689705,"CRW_23S_B_S_50_nH.db",2953,884,Yes,654873,2953,9800.0,7804604703
"CRW_23S_B_P_6_nH.db",2880,847,Yes,689705,"CRW_23S_B_S_8_nH.db",2926,879,Yes,616871,2926,13200.0,10847851572
"CRW_23S_B_P_6_nH.db",2880,847,Yes,689705,"CRW_23S_B_T_36_nH.db",2917,867,Yes,644290,2917,9204.0,7713926474
"CRW_23S_B_P_6_nH.db",2880,847,Yes,689705,"CRW_23S_B_T_37_nH.db",2905,866,Yes,690411,2905,8600.0,7640743616
"CRW_23S_B_P_7_nH.db",3009,843,Yes,695010,"CRW_23S_B_P_9_nH.db",2878,858,Yes,624046,3009,4200.0,7329198353
"CRW_23S_B_P_7_nH.db",3009,843,Yes,695010,"CRW_23S_B_S_31_nH.db",2958,883,Yes,706242,3009,12400.0,7655130006
"CRW_23S_B_P_7_nH.db",3009,843,Yes,695010,"CRW_23S_B_S_50_nH.db",2953,884,Yes,654873,3009,10600.0,11294957556
"CRW_23S_B_P_7_nH.db",3009,843,Yes,695010,"CRW_23S_B_S_8_nH.db",2926,879,Yes,616871,3009,13600.0,7854634663
"CRW_23S_B_P_7_nH.db",3009,843,Yes,695010,"CRW_23S_B_T_36_nH.db",2917,867,Yes,644290,3009,10004.0,7722345617
"CRW_23S_B_P_7_nH.db",3009,843,Yes,695010,"CRW_23S_B_T_37_nH.db",2905,866,Yes,690411,3009,9000.0,7445990910
"CRW_23S_B_P_9_nH.db",2878,858,Yes,624046,"CRW_23S_B_S_31_nH.db",2958,883,Yes,706242,2958,11000.0,7857159523
"CRW_23S_B_P_9_nH.db",2878,858,Yes,624046,"CRW_23S_B_S_50_nH.db",2953,884,Yes,654873,2953,8800.0,8661059438
"CRW_23S_B_P_9_nH.db",2878,858,Yes,624046,"CRW_23S_B_S_8_nH.db",2926,879,Yes,616871,2926,12200.0,7720964558
"CRW_23S_B_P_9_nH.db",2878,858,Yes,624046,"CRW_23S_B_T_36_nH.db",2917,867,Yes,644290,2917,8204.0,7753521780
"CRW_23S_B_P_9_nH.db",2878,858,Yes,624046,"CRW_23S_B_T_37_nH.db",2905,866,Yes,690411,2905,7200.0,10994918354
"CRW_23S_B_S_31_nH.db",2958,883,Yes,706242,"CRW_23S_B_S_50_nH.db",2953,884,Yes,654873,2958,7000.0,8029324834
"CRW_23S_B_S_31_nH.db",2958,883,Yes,706242,"CRW_23S_B_S_8_nH.db",2926,879,Yes,616871,2958,7200.0,8071832739
"CRW_23S_B_S_31_nH.db",2958,883,Yes,706242,"CRW_23S_B_T_36_nH.db",2917,867,Yes,644290,2958,10004.0,11397471779
"CRW_23S_B_S_31_nH.db",2958,883,Yes,706242,"CRW_23S_B_T_37_nH.db",2905,866,Yes,690411,2958,9400.0,8075976786
"CRW_23S_B_S_50_nH.db",2953,884,Yes,654873,"CRW_23S_B_S_8_nH.db",2926,879,Yes,616871,2953,6600.0,11369905557
"CRW_23S_B_S_50_nH.db",2953,884,Yes,654873,"CRW_23S_B_T_36_nH.db",2917,867,Yes,644290,2953,5404.0,11570601125
"CRW_23S_B_S_50_nH.db",2953,884,Yes,654873,"CRW_23S_B_T_37_nH.db",2905,866,Yes,690411,2953,5200.0,8140947673
"CRW_23S_B_S_8_nH.db",2926,879,Yes,616871,"CRW_23S_B_T_36_nH.db",2917,867,Yes,644290,2926,7204.0,11344354260
"CRW_23S_B_S_8_nH.db",2926,879,Yes,616871,"CRW_23S_B_T_37_nH.db",2905,866,Yes,690411,2926,6600.0,8137970532
"CRW_23S_B_T_36_nH.db",2917,867,Yes,644290,"CRW_23S_B_T_37_nH.db",2905,866,Yes,690411,2917,1804.0,11085339072
